sample,chromosome,start,end,numreads,covbases,breadth_of_coverage,depth,meanmapq,percentage_gc
B1R1-14C-D10-E1,NC_134838.1,1,133122103,24080033,117182314,88.0262,19.312,255,53.1
B1R1-14C-D10-E1,NC_134839.1,1,115872679,22154633,103941299,89.703,20.6064,255,53.4
B1R1-14C-D10-E1,NC_134840.1,1,112047329,20254057,97414407,86.9404,19.2175,255,53.1
B1R1-14C-D10-E1,NC_134841.1,1,104860103,20118935,92932258,88.625,20.6645,255,53.5
B1R1-14C-D10-E1,NC_134842.1,1,102992780,14936075,82606586,80.2062,14.9764,255,51.5
B1R1-14C-D10-E1,NC_134843.1,1,102858672,17698665,88883454,86.4132,18.1538,255,52.7
B1R1-14C-D10-E1,NC_134844.1,1,98048912,14915912,81592941,83.2166,15.7757,255,52.1
B1R1-14C-D10-E1,NC_134845.1,1,97139405,14500944,79823501,82.1742,15.3345,255,52
B1R1-14C-D10-E1,NC_134846.1,1,94721750,16934079,82747573,87.3586,19.0185,255,53.2
B1R1-14C-D10-E1,NC_134847.1,1,91363364,14831867,76879489,84.147,16.9846,255,52.6
B1R1-14C-D10-E1,NC_134848.1,1,86550376,12373256,70994908,82.0273,14.8665,255,51
B1R1-14C-D10-E1,NC_134849.1,1,81349889,11719013,67389211,82.8387,14.9791,255,51.2
B1R1-14C-D10-E1,NC_134850.1,1,74365144,11838062,62029127,83.4116,16.5659,255,52.2
B1R1-14C-D10-E1,NC_134851.1,1,73464853,10609857,59495519,80.985,14.8025,255,51.8
B1R1-14C-D10-E1,all,1,1368757345,226965388,1163912587,85.0343,17.4631,255,52.4651
B1R1-D1-E1,NC_134838.1,1,133122103,45376832,119396579,89.6895,40.2663,255,54.9
B1R1-D1-E1,NC_134839.1,1,115872679,42059533,105607968,91.1414,43.0139,255,55.1
B1R1-D1-E1,NC_134840.1,1,112047329,38293729,99311353,88.6334,40.205,255,54.9
B1R1-D1-E1,NC_134841.1,1,104860103,38115081,94431707,90.0549,43.084,255,55.2
B1R1-D1-E1,NC_134842.1,1,102992780,27200969,84747981,82.2854,30.5604,255,53.3
B1R1-D1-E1,NC_134843.1,1,102858672,33504284,90516782,88.0011,38.1993,255,54.5
B1R1-D1-E1,NC_134844.1,1,98048912,27742525,83650619,85.3152,32.9291,255,54
B1R1-D1-E1,NC_134845.1,1,97139405,26601121,81625935,84.0297,31.7635,255,54
B1R1-D1-E1,NC_134846.1,1,94721750,31590745,84321576,89.0203,39.3195,255,55
B1R1-D1-E1,NC_134847.1,1,91363364,27162322,78268201,85.6669,34.7361,255,54.4
B1R1-D1-E1,NC_134848.1,1,86550376,22648115,73009969,84.3555,30.2563,255,52.6
B1R1-D1-E1,NC_134849.1,1,81349889,21800899,69130256,84.9789,31.0956,255,52.9
B1R1-D1-E1,NC_134850.1,1,74365144,21847127,63749579,85.7251,34.1383,255,54.1
B1R1-D1-E1,NC_134851.1,1,73464853,19083765,61055239,83.1081,29.9624,255,53.6
B1R1-D1-E1,all,1,1368757345,423027047,1188823744,86.8542,36.1964,255,54.2571
B1R2-14C-D10-E1,NC_134838.1,1,133122103,33989708,119220158,89.557,29.8371,255,54.4
B1R2-14C-D10-E1,NC_134839.1,1,115872679,31659626,105444200,91.0001,32.1077,255,54.7
B1R2-14C-D10-E1,NC_134840.1,1,112047329,28661270,99163410,88.5014,29.7891,255,54.4
B1R2-14C-D10-E1,NC_134841.1,1,104860103,28468183,94304301,89.9334,31.8872,255,54.8
B1R2-14C-D10-E1,NC_134842.1,1,102992780,20865706,84988892,82.5193,23.1412,255,52.9
B1R2-14C-D10-E1,NC_134843.1,1,102858672,25329489,91041889,88.5116,28.5732,255,54.1
B1R2-14C-D10-E1,NC_134844.1,1,98048912,20955602,83518269,85.1802,24.5356,255,53.5
B1R2-14C-D10-E1,NC_134845.1,1,97139405,20469881,82054072,84.4704,24.0862,255,53.6
B1R2-14C-D10-E1,NC_134846.1,1,94721750,24311253,84355903,89.0565,29.9554,255,54.5
B1R2-14C-D10-E1,NC_134847.1,1,91363364,21022324,78683260,86.1212,26.5674,255,54
B1R2-14C-D10-E1,NC_134848.1,1,86550376,17556813,73193398,84.5674,23.2175,255,52.1
B1R2-14C-D10-E1,NC_134849.1,1,81349889,16876553,69381718,85.288,23.7903,255,52.5
B1R2-14C-D10-E1,NC_134850.1,1,74365144,16639748,63471580,85.3513,25.6661,255,53.6
B1R2-14C-D10-E1,NC_134851.1,1,73464853,14775827,61344625,83.502,22.9154,255,53.2
B1R2-14C-D10-E1,all,1,1368757345,321581983,1190165675,86.9523,27.2096,255,53.8134
B1R2-22C-D10-E1,NC_134838.1,1,133122103,11185772,104507424,78.5049,6.72161,255,49.7
B1R2-22C-D10-E1,NC_134839.1,1,115872679,10298161,94760083,81.7795,7.27915,255,50.2
B1R2-22C-D10-E1,NC_134840.1,1,112047329,9472151,87269476,77.8863,6.71539,255,49.7
B1R2-22C-D10-E1,NC_134841.1,1,104860103,9284957,84838013,80.9059,7.20525,255,50.1
B1R2-22C-D10-E1,NC_134842.1,1,102992780,6915659,69081774,67.0744,4.96817,255,48.1
B1R2-22C-D10-E1,NC_134843.1,1,102858672,8178575,78330483,76.1535,6.1839,255,49.3
B1R2-22C-D10-E1,NC_134844.1,1,98048912,7021866,69184455,70.5612,5.38828,255,48.7
B1R2-22C-D10-E1,NC_134845.1,1,97139405,6905001,67304331,69.2863,5.20178,255,48.4
B1R2-22C-D10-E1,NC_134846.1,1,94721750,7889879,73997289,78.1207,6.58596,255,49.7
B1R2-22C-D10-E1,NC_134847.1,1,91363364,6846748,66039534,72.2823,5.67959,255,49
B1R2-22C-D10-E1,NC_134848.1,1,86550376,5529296,58444746,67.5269,4.77572,255,47.8
B1R2-22C-D10-E1,NC_134849.1,1,81349889,5416608,56104121,68.9664,5.01033,255,48
B1R2-22C-D10-E1,NC_134850.1,1,74365144,5402623,52853452,71.0729,5.47593,255,48.7
B1R2-22C-D10-E1,NC_134851.1,1,73464853,4974664,49546821,67.4429,4.93296,255,48.2
B1R2-22C-D10-E1,all,1,1368757345,105321960,1012262002,73.9548,5.96226,255,49.0559
B1R2-D1-E1,NC_134838.1,1,133122103,38839727,118015066,88.6517,34.2336,255,54.8
B1R2-D1-E1,NC_134839.1,1,115872679,36391537,104707391,90.3642,36.9738,255,55.1
B1R2-D1-E1,NC_134840.1,1,112047329,33013503,98208396,87.649,34.4311,255,54.9
B1R2-D1-E1,NC_134841.1,1,104860103,32936305,93611493,89.2727,36.9906,255,55.2
B1R2-D1-E1,NC_134842.1,1,102992780,23564976,83444460,81.0197,26.2888,255,53.3
B1R2-D1-E1,NC_134843.1,1,102858672,29080946,89547758,87.059,32.9296,255,54.5
B1R2-D1-E1,NC_134844.1,1,98048912,24028997,82472830,84.114,28.327,255,54
B1R2-D1-E1,NC_134845.1,1,97139405,23010936,80495466,82.8659,27.2864,255,54
B1R2-D1-E1,NC_134846.1,1,94721750,27324298,83433962,88.0832,33.7799,255,54.9
B1R2-D1-E1,NC_134847.1,1,91363364,23632038,77338196,84.649,30.0215,255,54.4
B1R2-D1-E1,NC_134848.1,1,86550376,19804149,71832714,82.9953,26.2783,255,52.6
B1R2-D1-E1,NC_134849.1,1,81349889,19136045,68082715,83.6912,27.1215,255,53
B1R2-D1-E1,NC_134850.1,1,74365144,19023977,62900277,84.583,29.532,255,54.1
B1R2-D1-E1,NC_134851.1,1,73464853,16539620,60097722,81.8047,25.7823,255,53.6
B1R2-D1-E1,all,1,1368757345,366327054,1174188446,85.785,31.1337,255,54.2464
B1R3-14C-D10-E1,NC_134838.1,1,133122103,24902376,115908405,87.0692,19.3525,255,52.6
B1R3-14C-D10-E1,NC_134839.1,1,115872679,23297972,103172582,89.0396,21.1156,255,53.1
B1R3-14C-D10-E1,NC_134840.1,1,112047329,21287375,96573241,86.1897,19.6128,255,52.7
B1R3-14C-D10-E1,NC_134841.1,1,104860103,20757026,92135657,87.8653,20.6717,255,53
B1R3-14C-D10-E1,NC_134842.1,1,102992780,15515679,81311400,78.9486,15.0164,255,51.1
B1R3-14C-D10-E1,NC_134843.1,1,102858672,18342972,87791921,85.352,18.2339,255,52.3
B1R3-14C-D10-E1,NC_134844.1,1,98048912,15538774,80274990,81.8724,15.8731,255,51.7
B1R3-14C-D10-E1,NC_134845.1,1,97139405,15263768,78660076,80.9765,15.5602,255,51.6
B1R3-14C-D10-E1,NC_134846.1,1,94721750,17946287,82125818,86.7022,19.5489,255,52.8
B1R3-14C-D10-E1,NC_134847.1,1,91363364,15270514,75736478,82.8959,16.888,255,52.1
B1R3-14C-D10-E1,NC_134848.1,1,86550376,12904752,69900679,80.763,15.0524,255,50.7
B1R3-14C-D10-E1,NC_134849.1,1,81349889,12401175,66197330,81.3736,15.3951,255,51
B1R3-14C-D10-E1,NC_134850.1,1,74365144,12271684,61200198,82.2969,16.6062,255,51.8
B1R3-14C-D10-E1,NC_134851.1,1,73464853,11109889,58346522,79.421,14.9717,255,51.4
B1R3-14C-D10-E1,all,1,1368757345,236810243,1149335297,83.9693,17.6531,255,52.0677
B1R3-B2R1-22-D10-E1,NC_134838.1,1,133122103,42319006,119980101,90.1279,37.2434,255,54.7
B1R3-B2R1-22-D10-E1,NC_134839.1,1,115872679,39252308,105850522,91.3507,39.8885,255,55
B1R3-B2R1-22-D10-E1,NC_134840.1,1,112047329,35735072,100078367,89.3179,37.2891,255,54.8
B1R3-B2R1-22-D10-E1,NC_134841.1,1,104860103,35024038,94785394,90.3922,39.2693,255,55
B1R3-B2R1-22-D10-E1,NC_134842.1,1,102992780,25134954,85786415,83.2936,28.0371,255,53.2
B1R3-B2R1-22-D10-E1,NC_134843.1,1,102858672,30885986,92240732,89.6772,34.9689,255,54.4
B1R3-B2R1-22-D10-E1,NC_134844.1,1,98048912,25407815,84312265,85.99,29.8867,255,53.8
B1R3-B2R1-22-D10-E1,NC_134845.1,1,97139405,24650083,83224524,85.6753,29.1833,255,53.9
B1R3-B2R1-22-D10-E1,NC_134846.1,1,94721750,29769117,84994594,89.7308,36.8125,255,54.9
B1R3-B2R1-22-D10-E1,NC_134847.1,1,91363364,25874013,79515727,87.0324,32.8376,255,54.3
B1R3-B2R1-22-D10-E1,NC_134848.1,1,86550376,21284610,73832935,85.3063,28.2676,255,52.5
B1R3-B2R1-22-D10-E1,NC_134849.1,1,81349889,20472017,70561641,86.7385,28.9815,255,52.8
B1R3-B2R1-22-D10-E1,NC_134850.1,1,74365144,20542962,63860470,85.8742,31.8513,255,53.9
B1R3-B2R1-22-D10-E1,NC_134851.1,1,73464853,17830990,62131274,84.5728,27.8304,255,53.5
B1R3-B2R1-22-D10-E1,all,1,1368757345,394182971,1201154961,87.7551,33.4829,255,54.1271
B1R3-D1-E1,NC_134838.1,1,133122103,50536203,119683339,89.9049,43.7582,255,54.9
B1R3-D1-E1,NC_134839.1,1,115872679,47065731,105810532,91.3162,46.9533,255,55.2
B1R3-D1-E1,NC_134840.1,1,112047329,42768899,99554204,88.8501,43.8198,255,55
B1R3-D1-E1,NC_134841.1,1,104860103,42736999,94666964,90.2793,47.1349,255,55.2
B1R3-D1-E1,NC_134842.1,1,102992780,30239194,85149183,82.6749,33.1466,255,53.3
B1R3-D1-E1,NC_134843.1,1,102858672,37153859,90824277,88.3001,41.3277,255,54.6
B1R3-D1-E1,NC_134844.1,1,98048912,30654372,83939390,85.6097,35.4806,255,54
B1R3-D1-E1,NC_134845.1,1,97139405,29604209,81981117,84.3953,34.4753,255,54
B1R3-D1-E1,NC_134846.1,1,94721750,35473966,84514708,89.2242,43.0813,255,55
B1R3-D1-E1,NC_134847.1,1,91363364,30399678,78531687,85.9553,37.9312,255,54.4
B1R3-D1-E1,NC_134848.1,1,86550376,25130426,73282232,84.67,32.7443,255,52.6
B1R3-D1-E1,NC_134849.1,1,81349889,24253585,69408683,85.3212,33.7541,255,53
B1R3-D1-E1,NC_134850.1,1,74365144,24245713,63997825,86.0589,36.9602,255,54.1
B1R3-D1-E1,NC_134851.1,1,73464853,21255583,61339617,83.4952,32.5599,255,53.7
B1R3-D1-E1,all,1,1368757345,471518417,1192683758,87.1362,39.3624,255,54.2926
B1R4-D1-E1,NC_134838.1,1,133122103,41627566,119016072,89.4037,36.9058,255,54.8
B1R4-D1-E1,NC_134839.1,1,115872679,38866469,105419324,90.9786,39.7278,255,55.1
B1R4-D1-E1,NC_134840.1,1,112047329,35265054,98952067,88.3127,36.995,255,54.9
B1R4-D1-E1,NC_134841.1,1,104860103,35049987,94179355,89.8143,39.5952,255,55.2
B1R4-D1-E1,NC_134842.1,1,102992780,25257856,84379866,81.9279,28.3544,255,53.3
B1R4-D1-E1,NC_134843.1,1,102858672,30798154,90231859,87.7241,35.0868,255,54.5
B1R4-D1-E1,NC_134844.1,1,98048912,25697920,83311626,84.9695,30.4905,255,54
B1R4-D1-E1,NC_134845.1,1,97139405,24668653,81293941,83.6879,29.4405,255,54
B1R4-D1-E1,NC_134846.1,1,94721750,29191679,84049049,88.7326,36.3055,255,54.9
B1R4-D1-E1,NC_134847.1,1,91363364,25209459,78006154,85.3801,32.2211,255,54.4
B1R4-D1-E1,NC_134848.1,1,86550376,21014885,72687036,83.9823,28.0634,255,52.6
B1R4-D1-E1,NC_134849.1,1,81349889,20388477,68884440,84.6767,29.0691,255,52.9
B1R4-D1-E1,NC_134850.1,1,74365144,20212485,63488593,85.3741,31.5703,255,54
B1R4-D1-E1,NC_134851.1,1,73464853,17708307,60791821,82.7495,27.7925,255,53.6
B1R4-D1-E1,all,1,1368757345,390956951,1184691203,86.5523,33.4304,255,54.235
B1R5-D1-E1,NC_134838.1,1,133122103,43341793,119041152,89.4225,38.2526,255,54.8
B1R5-D1-E1,NC_134839.1,1,115872679,40402409,105380393,90.945,41.1085,255,55.1
B1R5-D1-E1,NC_134840.1,1,112047329,36709722,99051369,88.4014,38.3346,255,54.9
B1R5-D1-E1,NC_134841.1,1,104860103,36582309,94238784,89.871,41.144,255,55.2
B1R5-D1-E1,NC_134842.1,1,102992780,26431347,84448521,81.9946,29.5343,255,53.3
B1R5-D1-E1,NC_134843.1,1,102858672,32099245,90308680,87.7988,36.3965,255,54.5
B1R5-D1-E1,NC_134844.1,1,98048912,26937561,83359287,85.0181,31.8006,255,54
B1R5-D1-E1,NC_134845.1,1,97139405,25898416,81315590,83.7102,30.7624,255,54
B1R5-D1-E1,NC_134846.1,1,94721750,30699910,84090662,88.7765,38.0099,255,54.9
B1R5-D1-E1,NC_134847.1,1,91363364,26297596,78053782,85.4323,33.4587,255,54.4
B1R5-D1-E1,NC_134848.1,1,86550376,22179787,72766571,84.0742,29.48,255,52.6
B1R5-D1-E1,NC_134849.1,1,81349889,21427727,68898707,84.6943,30.4107,255,52.9
B1R5-D1-E1,NC_134850.1,1,74365144,21366386,63565386,85.4774,33.22,255,54
B1R5-D1-E1,NC_134851.1,1,73464853,18621278,60871505,82.858,29.0812,255,53.6
B1R5-D1-E1,all,1,1368757345,408995486,1185390389,86.6034,34.8101,255,54.235
B2R1-22C-D10-E1,NC_134838.1,1,133122103,11238814,109266382,82.0798,8.63089,255,52.3
B2R1-22C-D10-E1,NC_134839.1,1,115872679,10278191,98383376,84.9064,9.21127,255,52.7
B2R1-22C-D10-E1,NC_134840.1,1,112047329,9468069,91426831,81.5966,8.63249,255,52.3
B2R1-22C-D10-E1,NC_134841.1,1,104860103,9197940,87806633,83.7369,9.05877,255,52.6
B2R1-22C-D10-E1,NC_134842.1,1,102992780,6779658,73978233,71.8286,6.45466,255,50.7
B2R1-22C-D10-E1,NC_134843.1,1,102858672,8217588,83533598,81.212,8.0837,255,51.9
B2R1-22C-D10-E1,NC_134844.1,1,98048912,6812431,73429066,74.8902,6.86045,255,51.3
B2R1-22C-D10-E1,NC_134845.1,1,97139405,6712766,72078067,74.2006,6.74909,255,51.2
B2R1-22C-D10-E1,NC_134846.1,1,94721750,7878880,77737948,82.0698,8.50068,255,52.4
B2R1-22C-D10-E1,NC_134847.1,1,91363364,6907392,71233610,77.9674,7.5747,255,51.8
B2R1-22C-D10-E1,NC_134848.1,1,86550376,5619970,63319928,73.1596,6.45703,255,50.3
B2R1-22C-D10-E1,NC_134849.1,1,81349889,5459742,61089209,75.0944,6.6565,255,50.5
B2R1-22C-D10-E1,NC_134850.1,1,74365144,5482541,56335886,75.7558,7.33938,255,51.4
B2R1-22C-D10-E1,NC_134851.1,1,73464853,4828409,53232550,72.4599,6.38797,255,50.9
B2R1-22C-D10-E1,all,1,1368757345,104882391,1072851317,78.3814,7.72282,255,51.6728
B2R1-D1-E1,NC_134838.1,1,133122103,47874973,119386791,89.6822,41.9635,255,54.9
B2R1-D1-E1,NC_134839.1,1,115872679,44285759,105232491,90.8173,44.7973,255,55.2
B2R1-D1-E1,NC_134840.1,1,112047329,40262351,99535035,88.833,41.8419,255,54.9
B2R1-D1-E1,NC_134841.1,1,104860103,39746496,94390789,90.0159,44.3655,255,55.2
B2R1-D1-E1,NC_134842.1,1,102992780,28158725,84783549,82.3199,31.2863,255,53.3
B2R1-D1-E1,NC_134843.1,1,102858672,34614382,91677647,89.1297,39.0183,255,54.5
B2R1-D1-E1,NC_134844.1,1,98048912,28466296,83246862,84.9034,33.3461,255,53.9
B2R1-D1-E1,NC_134845.1,1,97139405,27626403,82213758,84.6348,32.6147,255,54
B2R1-D1-E1,NC_134846.1,1,94721750,33652026,84487764,89.1957,41.4587,255,55
B2R1-D1-E1,NC_134847.1,1,91363364,29013081,78938073,86.4001,36.6686,255,54.5
B2R1-D1-E1,NC_134848.1,1,86550376,23807147,72772906,84.0816,31.4942,255,52.6
B2R1-D1-E1,NC_134849.1,1,81349889,23059690,69992784,86.0392,32.5435,255,53
B2R1-D1-E1,NC_134850.1,1,74365144,23029588,63203837,84.9912,35.5652,255,54
B2R1-D1-E1,NC_134851.1,1,73464853,19945296,61389424,83.563,31.0458,255,53.7
B2R1-D1-E1,all,1,1368757345,443542213,1191251710,87.0316,37.5281,255,54.271
B2R2-14C-D10-E1,NC_134838.1,1,133122103,26307218,116484704,87.5022,22.3337,255,53.8
B2R2-14C-D10-E1,NC_134839.1,1,115872679,24246563,103416551,89.2502,23.8259,255,54.2
B2R2-14C-D10-E1,NC_134840.1,1,112047329,22379479,97267986,86.8097,22.5558,255,53.9
B2R2-14C-D10-E1,NC_134841.1,1,104860103,21847365,92432608,88.1485,23.6685,255,54.2
B2R2-14C-D10-E1,NC_134842.1,1,102992780,16168896,81777964,79.4016,17.2802,255,52.4
B2R2-14C-D10-E1,NC_134843.1,1,102858672,19631358,89535953,87.0475,21.4205,255,53.6
B2R2-14C-D10-E1,NC_134844.1,1,98048912,16321830,80661604,82.2667,18.4072,255,52.9
B2R2-14C-D10-E1,NC_134845.1,1,97139405,15911098,79348077,81.6847,18.0175,255,53
B2R2-14C-D10-E1,NC_134846.1,1,94721750,18737884,82642738,87.2479,22.3431,255,54
B2R2-14C-D10-E1,NC_134847.1,1,91363364,16573767,76789606,84.0486,20.255,255,53.5
B2R2-14C-D10-E1,NC_134848.1,1,86550376,13629798,70251437,81.1683,17.4269,255,51.7
B2R2-14C-D10-E1,NC_134849.1,1,81349889,13085331,67542954,83.0277,17.819,255,52.1
B2R2-14C-D10-E1,NC_134850.1,1,74365144,13226256,61351811,82.5008,19.7343,255,53.1
B2R2-14C-D10-E1,NC_134851.1,1,73464853,11446692,59153132,80.519,17.0771,255,52.6
B2R2-14C-D10-E1,all,1,1368757345,249513535,1158657125,84.6503,20.4039,255,53.2886
B2R2-22C-D10-E1,NC_134838.1,1,133122103,35857010,118170316,88.7684,31.4672,255,54.5
B2R2-22C-D10-E1,NC_134839.1,1,115872679,33300757,104459811,90.1505,33.7603,255,54.8
B2R2-22C-D10-E1,NC_134840.1,1,112047329,30287416,98580378,87.981,31.5091,255,54.5
B2R2-22C-D10-E1,NC_134841.1,1,104860103,29568048,93609393,89.2707,33.0604,255,54.8
B2R2-22C-D10-E1,NC_134842.1,1,102992780,21289806,83554777,81.1268,23.6205,255,52.9
B2R2-22C-D10-E1,NC_134843.1,1,102858672,26112279,90788820,88.2656,29.4544,255,54.1
B2R2-22C-D10-E1,NC_134844.1,1,98048912,21379262,82203399,83.8392,25.0157,255,53.5
B2R2-22C-D10-E1,NC_134845.1,1,97139405,20906303,81119403,83.5082,24.613,255,53.6
B2R2-22C-D10-E1,NC_134846.1,1,94721750,25164785,83715340,88.3803,31.0149,255,54.6
B2R2-22C-D10-E1,NC_134847.1,1,91363364,21917862,78092659,85.4748,27.7024,255,54.1
B2R2-22C-D10-E1,NC_134848.1,1,86550376,17883647,71715283,82.8596,23.6287,255,52.3
B2R2-22C-D10-E1,NC_134849.1,1,81349889,17333172,69040929,84.8691,24.4325,255,52.6
B2R2-22C-D10-E1,NC_134850.1,1,74365144,17331266,62403641,83.9152,26.7591,255,53.7
B2R2-22C-D10-E1,NC_134851.1,1,73464853,15082633,60418595,82.2415,23.4109,255,53.3
B2R2-22C-D10-E1,all,1,1368757345,333414246,1177872744,86.0542,28.212,255,53.8827
B2R2-D1-E1,NC_134838.1,1,133122103,45438717,118882335,89.3032,39.9353,255,54.9
B2R2-D1-E1,NC_134839.1,1,115872679,42023781,104913766,90.5423,42.6131,255,55.2
B2R2-D1-E1,NC_134840.1,1,112047329,38459636,99185525,88.5211,40.0782,255,54.9
B2R2-D1-E1,NC_134841.1,1,104860103,37617404,94085715,89.725,42.1057,255,55.2
B2R2-D1-E1,NC_134842.1,1,102992780,26728421,84292035,81.8427,29.7731,255,53.3
B2R2-D1-E1,NC_134843.1,1,102858672,32765446,91312105,88.7743,37.025,255,54.5
B2R2-D1-E1,NC_134844.1,1,98048912,26892015,82841306,84.4898,31.577,255,53.9
B2R2-D1-E1,NC_134845.1,1,97139405,26111674,81818243,84.2277,30.892,255,54
B2R2-D1-E1,NC_134846.1,1,94721750,31990799,84203595,88.8957,39.5085,255,55
B2R2-D1-E1,NC_134847.1,1,91363364,27426914,78600570,86.0307,34.7438,255,54.5
B2R2-D1-E1,NC_134848.1,1,86550376,22341324,72334966,83.5756,29.6128,255,52.6
B2R2-D1-E1,NC_134849.1,1,81349889,21726009,69587486,85.541,30.7254,255,53
B2R2-D1-E1,NC_134850.1,1,74365144,21771460,62877502,84.5524,33.697,255,54.1
B2R2-D1-E1,NC_134851.1,1,73464853,18849914,61002622,83.0365,29.4078,255,53.7
B2R2-D1-E1,all,1,1368757345,420143514,1185937771,86.6434,35.6359,255,54.2764
B2R3-14C-D10-E1,NC_134838.1,1,133122103,12094880,104590314,78.5672,7.5509,255,51
B2R3-14C-D10-E1,NC_134839.1,1,115872679,11005336,94360428,81.4346,7.99861,255,51.3
B2R3-14C-D10-E1,NC_134840.1,1,112047329,10220690,87850856,78.4051,7.54695,255,51
B2R3-14C-D10-E1,NC_134841.1,1,104860103,9878421,84410101,80.4978,7.86889,255,51.2
B2R3-14C-D10-E1,NC_134842.1,1,102992780,7324028,69315804,67.3016,5.53504,255,49.4
B2R3-14C-D10-E1,NC_134843.1,1,102858672,8819929,79285761,77.0822,6.97821,255,50.6
B2R3-14C-D10-E1,NC_134844.1,1,98048912,7418132,69077478,70.4521,5.92099,255,49.8
B2R3-14C-D10-E1,NC_134845.1,1,97139405,7340282,67844147,69.842,5.83305,255,49.7
B2R3-14C-D10-E1,NC_134846.1,1,94721750,8500513,74425146,78.5724,7.37316,255,51
B2R3-14C-D10-E1,NC_134847.1,1,91363364,7457975,67552337,73.9381,6.52116,255,50.4
B2R3-14C-D10-E1,NC_134848.1,1,86550376,5969394,58654039,67.7687,5.43275,255,48.9
B2R3-14C-D10-E1,NC_134849.1,1,81349889,5741849,56647301,69.6341,5.59273,255,49.3
B2R3-14C-D10-E1,NC_134850.1,1,74365144,5901581,53392668,71.798,6.30388,255,50
B2R3-14C-D10-E1,NC_134851.1,1,73464853,5244053,49632743,67.5598,5.48359,255,49.5
B2R3-14C-D10-E1,all,1,1368757345,112917063,1017039123,74.3038,6.66939,255,50.3033
B2R3-22C-D10-E1,NC_134838.1,1,133122103,7220625,88435991,66.4322,3.05311,255,46.2
B2R3-22C-D10-E1,NC_134839.1,1,115872679,6427180,82648591,71.3271,3.22264,255,46.6
B2R3-22C-D10-E1,NC_134840.1,1,112047329,6107766,75575035,67.4492,3.07801,255,46.2
B2R3-22C-D10-E1,NC_134841.1,1,104860103,5793505,73829394,70.4075,3.17792,255,46.5
B2R3-22C-D10-E1,NC_134842.1,1,102992780,4646938,55292939,53.6862,2.32282,255,45.1
B2R3-22C-D10-E1,NC_134843.1,1,102858672,5354586,67208363,65.3405,2.88583,255,46
B2R3-22C-D10-E1,NC_134844.1,1,98048912,4647191,56828389,57.9592,2.49891,255,45.5
B2R3-22C-D10-E1,NC_134845.1,1,97139405,4727015,54774355,56.3874,2.50307,255,45.3
B2R3-22C-D10-E1,NC_134846.1,1,94721750,5087892,63431236,66.9659,2.98692,255,46.2
B2R3-22C-D10-E1,NC_134847.1,1,91363364,4616818,56904758,62.284,2.74742,255,45.9
B2R3-22C-D10-E1,NC_134848.1,1,86550376,3703840,45736165,52.8434,2.26093,255,45.1
B2R3-22C-D10-E1,NC_134849.1,1,81349889,3653157,45567127,56.0138,2.38917,255,45.2
B2R3-22C-D10-E1,NC_134850.1,1,74365144,3634228,44580311,59.9479,2.62043,255,45.7
B2R3-22C-D10-E1,NC_134851.1,1,73464853,3375153,40083288,54.5612,2.34292,255,45.2
B2R3-22C-D10-E1,all,1,1368757345,68995894,850895942,62.1656,2.75664,255,45.8152
B2R3-D1-E1,NC_134838.1,1,133122103,40387639,118577770,89.0744,35.9431,255,54.9
B2R3-D1-E1,NC_134839.1,1,115872679,37656658,104744826,90.3965,38.6828,255,55.2
B2R3-D1-E1,NC_134840.1,1,112047329,34059071,98897494,88.264,35.929,255,54.9
B2R3-D1-E1,NC_134841.1,1,104860103,33551828,93882720,89.5314,38.0246,255,55.2
B2R3-D1-E1,NC_134842.1,1,102992780,23800503,83831131,81.3952,26.8339,255,53.3
B2R3-D1-E1,NC_134843.1,1,102858672,29305855,91056849,88.5262,33.5363,255,54.5
B2R3-D1-E1,NC_134844.1,1,98048912,23955519,82448338,84.089,28.4737,255,53.9
B2R3-D1-E1,NC_134845.1,1,97139405,23334292,81408191,83.8055,27.9621,255,54
B2R3-D1-E1,NC_134846.1,1,94721750,28512381,83970665,88.6498,35.6635,255,55
B2R3-D1-E1,NC_134847.1,1,91363364,24403690,78316684,85.72,31.3001,255,54.4
B2R3-D1-E1,NC_134848.1,1,86550376,19867504,71983857,83.1699,26.6491,255,52.6
B2R3-D1-E1,NC_134849.1,1,81349889,19347139,69285881,85.1702,27.6946,255,52.9
B2R3-D1-E1,NC_134850.1,1,74365144,19373358,62589397,84.165,30.355,255,54
B2R3-D1-E1,NC_134851.1,1,73464853,16806846,60681294,82.5991,26.5496,255,53.7
B2R3-D1-E1,all,1,1368757345,374362283,1181675097,86.332,32.1506,255,54.2584
B2R4-D1-E1,NC_134838.1,1,133122103,41198613,119132728,89.4913,36.9667,255,54.8
B2R4-D1-E1,NC_134839.1,1,115872679,38260059,105086357,90.6912,39.6269,255,55.2
B2R4-D1-E1,NC_134840.1,1,112047329,34891864,99283673,88.6087,37.1345,255,54.9
B2R4-D1-E1,NC_134841.1,1,104860103,34154559,94186193,89.8208,39.0381,255,55.2
B2R4-D1-E1,NC_134842.1,1,102992780,24458382,84371630,81.9199,27.8363,255,53.3
B2R4-D1-E1,NC_134843.1,1,102858672,29961648,91450510,88.9089,34.5862,255,54.5
B2R4-D1-E1,NC_134844.1,1,98048912,24790054,82942091,84.5926,29.7459,255,54
B2R4-D1-E1,NC_134845.1,1,97139405,24008831,81849088,84.2594,29.0369,255,54
B2R4-D1-E1,NC_134846.1,1,94721750,29103845,84300576,88.9981,36.7245,255,55
B2R4-D1-E1,NC_134847.1,1,91363364,24961980,78675784,86.1131,32.3067,255,54.4
B2R4-D1-E1,NC_134848.1,1,86550376,20488889,72475175,83.7376,27.7459,255,52.5
B2R4-D1-E1,NC_134849.1,1,81349889,19790659,69728518,85.7143,28.5835,255,52.9
B2R4-D1-E1,NC_134850.1,1,74365144,19987962,62915645,84.6037,31.619,255,54
B2R4-D1-E1,NC_134851.1,1,73464853,17187972,61074495,83.1343,27.3962,255,53.6
B2R4-D1-E1,all,1,1368757345,383245317,1187472463,86.7555,33.2051,255,54.2441
B2R6-D1-E1,NC_134838.1,1,133122103,43226498,119360214,89.6622,38.763,255,54.8
B2R6-D1-E1,NC_134839.1,1,115872679,40104211,105247304,90.8301,41.5147,255,55.2
B2R6-D1-E1,NC_134840.1,1,112047329,36360918,99450782,88.7578,38.6502,255,54.9
B2R6-D1-E1,NC_134841.1,1,104860103,36003788,94356027,89.9828,41.1256,255,55.2
B2R6-D1-E1,NC_134842.1,1,102992780,25851569,84624578,82.1655,29.3953,255,53.3
B2R6-D1-E1,NC_134843.1,1,102858672,31368841,91611314,89.0652,36.1752,255,54.5
B2R6-D1-E1,NC_134844.1,1,98048912,25881258,83061561,84.7144,31.0241,255,53.9
B2R6-D1-E1,NC_134845.1,1,97139405,25334846,82034193,84.45,30.6156,255,54
B2R6-D1-E1,NC_134846.1,1,94721750,30497010,84419097,89.1232,38.4502,255,55
B2R6-D1-E1,NC_134847.1,1,91363364,26155006,78821476,86.2725,33.8144,255,54.4
B2R6-D1-E1,NC_134848.1,1,86550376,21509194,72718384,84.0186,29.0976,255,52.5
B2R6-D1-E1,NC_134849.1,1,81349889,20936914,69866679,85.8842,30.2152,255,52.9
B2R6-D1-E1,NC_134850.1,1,74365144,20829416,63076175,84.8195,32.9132,255,54
B2R6-D1-E1,NC_134851.1,1,73464853,18096809,61194672,83.2979,28.8249,255,53.6
B2R6-D1-E1,all,1,1368757345,402156278,1189842456,86.9287,34.8134,255,54.2369
B3R1-14C-D10-E1,NC_134838.1,1,133122103,24231067,114196342,85.7832,18.856,255,53.6
B3R1-14C-D10-E1,NC_134839.1,1,115872679,22777400,102469419,88.4328,20.5725,255,53.9
B3R1-14C-D10-E1,NC_134840.1,1,112047329,20744970,96004306,85.6819,19.1849,255,53.7
B3R1-14C-D10-E1,NC_134841.1,1,104860103,20304807,92065911,87.7988,20.2405,255,53.9
B3R1-14C-D10-E1,NC_134842.1,1,102992780,14447074,79850718,77.5304,14.0586,255,51.9
B3R1-14C-D10-E1,NC_134843.1,1,102858672,17766498,87553763,85.1204,17.719,255,53.1
B3R1-14C-D10-E1,NC_134844.1,1,98048912,15049926,80255875,81.8529,15.5603,255,52.6
B3R1-14C-D10-E1,NC_134845.1,1,97139405,14271267,77416192,79.696,14.6617,255,52.4
B3R1-14C-D10-E1,NC_134846.1,1,94721750,17010857,81276183,85.8052,18.5078,255,53.6
B3R1-14C-D10-E1,NC_134847.1,1,91363364,14773723,75424616,82.5546,16.4581,255,53.1
B3R1-14C-D10-E1,NC_134848.1,1,86550376,12222890,69185174,79.9363,14.2926,255,51.3
B3R1-14C-D10-E1,NC_134849.1,1,81349889,11829428,65727755,80.7964,14.7407,255,51.7
B3R1-14C-D10-E1,NC_134850.1,1,74365144,11629464,60598922,81.4883,15.8013,255,52.7
B3R1-14C-D10-E1,NC_134851.1,1,73464853,10417886,58264181,79.3089,14.1599,255,52.3
B3R1-14C-D10-E1,all,1,1368757345,227477257,1140289357,83.3084,17.0188,255,52.9239
B3R1-22C-D10-E1,NC_134838.1,1,133122103,17779027,112573827,84.5643,13.3332,255,52
B3R1-22C-D10-E1,NC_134839.1,1,115872679,16390680,101411653,87.5199,14.3619,255,52.4
B3R1-22C-D10-E1,NC_134840.1,1,112047329,15074138,94731746,84.5462,13.416,255,52.1
B3R1-22C-D10-E1,NC_134841.1,1,104860103,14720614,90988431,86.7713,14.197,255,52.4
B3R1-22C-D10-E1,NC_134842.1,1,102992780,10830626,77995705,75.7293,10.0186,255,50.4
B3R1-22C-D10-E1,NC_134843.1,1,102858672,13012297,85993932,83.604,12.4583,255,51.6
B3R1-22C-D10-E1,NC_134844.1,1,98048912,11083238,78438497,79.9994,10.9421,255,51.1
B3R1-22C-D10-E1,NC_134845.1,1,97139405,10739252,75445661,77.6674,10.4885,255,50.9
B3R1-22C-D10-E1,NC_134846.1,1,94721750,12401008,79974219,84.4307,13.0007,255,52.1
B3R1-22C-D10-E1,NC_134847.1,1,91363364,10992662,74095403,81.0997,11.7465,255,51.5
B3R1-22C-D10-E1,NC_134848.1,1,86550376,9144417,67632505,78.1424,10.2601,255,50
B3R1-22C-D10-E1,NC_134849.1,1,81349889,8739916,63974348,78.641,10.4099,255,50.2
B3R1-22C-D10-E1,NC_134850.1,1,74365144,8664525,59559736,80.0909,11.2897,255,51.2
B3R1-22C-D10-E1,NC_134851.1,1,73464853,7777002,56855990,77.3921,10.0325,255,50.7
B3R1-22C-D10-E1,all,1,1368757345,167349402,1119671653,81.8021,12.0198,255,51.4066
B3R1-D1-E1,NC_134838.1,1,133122103,44249462,119341093,89.6478,39.4929,255,54.7
B3R1-D1-E1,NC_134839.1,1,115872679,41182492,105931699,91.4208,42.4092,255,55
B3R1-D1-E1,NC_134840.1,1,112047329,37264475,99868021,89.1302,39.4412,255,54.8
B3R1-D1-E1,NC_134841.1,1,104860103,36849758,95255242,90.8403,41.9104,255,55
B3R1-D1-E1,NC_134842.1,1,102992780,25900092,85156766,82.6823,29.285,255,53.1
B3R1-D1-E1,NC_134843.1,1,102858672,32022091,91414263,88.8737,36.7275,255,54.3
B3R1-D1-E1,NC_134844.1,1,98048912,26801246,84791722,86.479,32.0349,255,53.8
B3R1-D1-E1,NC_134845.1,1,97139405,25227834,82088675,84.5061,30.2814,255,53.8
B3R1-D1-E1,NC_134846.1,1,94721750,30639132,84654649,89.3719,38.328,255,54.8
B3R1-D1-E1,NC_134847.1,1,91363364,26529360,79187631,86.6733,34.1456,255,54.3
B3R1-D1-E1,NC_134848.1,1,86550376,22473920,73825253,85.2974,30.2856,255,52.5
B3R1-D1-E1,NC_134849.1,1,81349889,21272245,69726974,85.7124,30.5447,255,52.6
B3R1-D1-E1,NC_134850.1,1,74365144,21051143,64198207,86.3284,33.0911,255,53.9
B3R1-D1-E1,NC_134851.1,1,73464853,18427218,62117299,84.5538,29.1935,255,53.6
B3R1-D1-E1,all,1,1368757345,409890468,1197557494,87.4923,35.3047,255,54.0916
B3R2-14C-D10-E1,NC_134838.1,1,133122103,4181867,58992214,44.3144,1.33704,255,44.3
B3R2-14C-D10-E1,NC_134839.1,1,115872679,3769474,56109178,48.4231,1.4408,255,44.7
B3R2-14C-D10-E1,NC_134840.1,1,112047329,3591232,50680981,45.2318,1.36871,255,44.4
B3R2-14C-D10-E1,NC_134841.1,1,104860103,3422755,50358929,48.0249,1.43461,255,44.6
B3R2-14C-D10-E1,NC_134842.1,1,102992780,2833669,35828952,34.7878,1.09104,255,43.7
B3R2-14C-D10-E1,NC_134843.1,1,102858672,3178221,43957735,42.7361,1.29647,255,44.2
B3R2-14C-D10-E1,NC_134844.1,1,98048912,2837819,37394078,38.1382,1.17067,255,43.9
B3R2-14C-D10-E1,NC_134845.1,1,97139405,2857767,35103069,36.1368,1.1437,255,43.6
B3R2-14C-D10-E1,NC_134846.1,1,94721750,3010653,41959942,44.2981,1.33663,255,44.3
B3R2-14C-D10-E1,NC_134847.1,1,91363364,2768111,36813194,40.2932,1.23393,255,44.1
B3R2-14C-D10-E1,NC_134848.1,1,86550376,2286021,30343850,35.0592,1.08752,255,43.7
B3R2-14C-D10-E1,NC_134849.1,1,81349889,2162104,29025862,35.6803,1.08756,255,43.7
B3R2-14C-D10-E1,NC_134850.1,1,74365144,2191836,28886537,38.8442,1.19484,255,43.9
B3R2-14C-D10-E1,NC_134851.1,1,73464853,2078329,26204780,35.6698,1.1091,255,43.7
B3R2-14C-D10-E1,all,1,1368757345,41169858,561659301,41.0342,1.25122,255,44.0932
B3R2-22C-D10-E1,NC_134838.1,1,133122103,33866732,117492878,88.2595,29.2046,255,54.3
B3R2-22C-D10-E1,NC_134839.1,1,115872679,31677525,104534629,90.2151,31.6131,255,54.6
B3R2-22C-D10-E1,NC_134840.1,1,112047329,28685959,98417018,87.8352,29.3396,255,54.3
B3R2-22C-D10-E1,NC_134841.1,1,104860103,28292629,93981563,89.6257,31.1443,255,54.6
B3R2-22C-D10-E1,NC_134842.1,1,102992780,20250659,83154184,80.7379,21.989,255,52.6
B3R2-22C-D10-E1,NC_134843.1,1,102858672,24667458,89920751,87.4217,27.281,255,53.8
B3R2-22C-D10-E1,NC_134844.1,1,98048912,20911949,83083750,84.737,24.0533,255,53.3
B3R2-22C-D10-E1,NC_134845.1,1,97139405,19816575,80047253,82.4045,22.7921,255,53.2
B3R2-22C-D10-E1,NC_134846.1,1,94721750,23764990,83319984,87.9629,28.7083,255,54.4
B3R2-22C-D10-E1,NC_134847.1,1,91363364,20678434,77840848,85.1992,25.6286,255,53.8
B3R2-22C-D10-E1,NC_134848.1,1,86550376,17343657,72055931,83.2532,22.5042,255,51.9
B3R2-22C-D10-E1,NC_134849.1,1,81349889,16515768,68118318,83.735,22.8336,255,52.2
B3R2-22C-D10-E1,NC_134850.1,1,74365144,16383643,62847552,84.5121,24.8095,255,53.5
B3R2-22C-D10-E1,NC_134851.1,1,73464853,14395742,60675103,82.5907,21.8747,255,53.1
B3R2-22C-D10-E1,all,1,1368757345,317251720,1175489762,85.8801,26.349,255,53.6223
B3R2-D1-E1,NC_134838.1,1,133122103,41692545,118898451,89.3153,37.1337,255,54.9
B3R2-D1-E1,NC_134839.1,1,115872679,38862872,105676887,91.2009,39.9609,255,55.2
B3R2-D1-E1,NC_134840.1,1,112047329,35353707,99576285,88.8698,37.3509,255,55
B3R2-D1-E1,NC_134841.1,1,104860103,34921443,94958901,90.5577,39.6501,255,55.2
B3R2-D1-E1,NC_134842.1,1,102992780,24609584,84783875,82.3202,27.7745,255,53.3
B3R2-D1-E1,NC_134843.1,1,102858672,30297704,91167063,88.6333,34.6915,255,54.5
B3R2-D1-E1,NC_134844.1,1,98048912,25546728,84459714,86.1404,30.488,255,54
B3R2-D1-E1,NC_134845.1,1,97139405,24139927,81806927,84.216,28.919,255,54
B3R2-D1-E1,NC_134846.1,1,94721750,29109807,84373421,89.075,36.3559,255,55
B3R2-D1-E1,NC_134847.1,1,91363364,25305661,78937233,86.3992,32.5211,255,54.5
B3R2-D1-E1,NC_134848.1,1,86550376,21058638,73567088,84.9992,28.3298,255,52.5
B3R2-D1-E1,NC_134849.1,1,81349889,20024021,69470371,85.397,28.6992,255,52.8
B3R2-D1-E1,NC_134850.1,1,74365144,19980379,63910382,85.9413,31.3558,255,54.1
B3R2-D1-E1,NC_134851.1,1,73464853,17512752,61884821,84.2373,27.6991,255,53.7
B3R2-D1-E1,all,1,1368757345,388415768,1193471419,87.1938,33.3968,255,54.2736
B3R3-14C-D10-E1,NC_134838.1,1,133122103,39413241,117816653,88.5027,34.3508,255,54.7
B3R3-14C-D10-E1,NC_134839.1,1,115872679,36764727,104874567,90.5085,37.045,255,55
B3R3-14C-D10-E1,NC_134840.1,1,112047329,33380845,98743899,88.127,34.5346,255,54.8
B3R3-14C-D10-E1,NC_134841.1,1,104860103,32814617,94322578,89.9509,36.5034,255,55
B3R3-14C-D10-E1,NC_134842.1,1,102992780,22842348,83665594,81.2344,25.1655,255,53
B3R3-14C-D10-E1,NC_134843.1,1,102858672,28393850,90195122,87.6884,31.8006,255,54.3
B3R3-14C-D10-E1,NC_134844.1,1,98048912,23686763,83473122,85.1342,27.6089,255,53.8
B3R3-14C-D10-E1,NC_134845.1,1,97139405,22413737,80766412,83.1448,26.1929,255,53.7
B3R3-14C-D10-E1,NC_134846.1,1,94721750,27322647,83592407,88.2505,33.3839,255,54.8
B3R3-14C-D10-E1,NC_134847.1,1,91363364,23945505,78095517,85.4779,30.0918,255,54.3
B3R3-14C-D10-E1,NC_134848.1,1,86550376,19561938,72421234,83.6752,25.6953,255,52.3
B3R3-14C-D10-E1,NC_134849.1,1,81349889,18696758,68537256,84.25,26.1885,255,52.6
B3R3-14C-D10-E1,NC_134850.1,1,74365144,18521506,63255415,85.0606,28.3813,255,53.8
B3R3-14C-D10-E1,NC_134851.1,1,73464853,16364648,61049517,83.1003,25.2569,255,53.5
B3R3-14C-D10-E1,all,1,1368757345,364123130,1180809293,86.2687,30.6181,255,54.0535
B3R3-22C-D10-E1,NC_134838.1,1,133122103,37386091,117833466,88.5153,33.0397,255,54.6
B3R3-22C-D10-E1,NC_134839.1,1,115872679,34750421,104973097,90.5935,35.4971,255,54.9
B3R3-22C-D10-E1,NC_134840.1,1,112047329,31574199,98784968,88.1636,33.1087,255,54.7
B3R3-22C-D10-E1,NC_134841.1,1,104860103,31255829,94356798,89.9835,35.2575,255,54.9
B3R3-22C-D10-E1,NC_134842.1,1,102992780,22431962,83740180,81.3068,25.048,255,53
B3R3-22C-D10-E1,NC_134843.1,1,102858672,27430292,90385643,87.8736,31.1613,255,54.2
B3R3-22C-D10-E1,NC_134844.1,1,98048912,23187230,83523873,85.1859,27.4054,255,53.7
B3R3-22C-D10-E1,NC_134845.1,1,97139405,21974054,80829809,83.2101,26.0305,255,53.6
B3R3-22C-D10-E1,NC_134846.1,1,94721750,26143796,83694190,88.3579,32.3867,255,54.7
B3R3-22C-D10-E1,NC_134847.1,1,91363364,22990274,78163464,85.5523,29.2855,255,54.2
B3R3-22C-D10-E1,NC_134848.1,1,86550376,19230076,72714619,84.0142,25.6131,255,52.2
B3R3-22C-D10-E1,NC_134849.1,1,81349889,18451440,68695548,84.4446,26.1993,255,52.5
B3R3-22C-D10-E1,NC_134850.1,1,74365144,18131098,63274778,85.0866,28.1881,255,53.8
B3R3-22C-D10-E1,NC_134851.1,1,73464853,16006341,61088085,83.1528,25.0334,255,53.4
B3R3-22C-D10-E1,all,1,1368757345,350943103,1182058518,86.36,29.9145,255,53.9665
B3R3-D1-E1,NC_134838.1,1,133122103,44334467,118776713,89.2239,39.0188,255,54.9
B3R3-D1-E1,NC_134839.1,1,115872679,41294233,105568956,91.1077,41.9301,255,55.2
B3R3-D1-E1,NC_134840.1,1,112047329,37550101,99507429,88.8084,39.1934,255,54.9
B3R3-D1-E1,NC_134841.1,1,104860103,36899336,94889826,90.4918,41.3746,255,55.2
B3R3-D1-E1,NC_134842.1,1,102992780,25882519,84651702,82.1919,28.8441,255,53.2
B3R3-D1-E1,NC_134843.1,1,102858672,32018299,91027956,88.4981,36.2031,255,54.4
B3R3-D1-E1,NC_134844.1,1,98048912,26835189,84359972,86.0387,31.6221,255,53.9
B3R3-D1-E1,NC_134845.1,1,97139405,25380712,81810745,84.2199,30.035,255,53.9
B3R3-D1-E1,NC_134846.1,1,94721750,30743980,84308830,89.0068,37.9125,255,55
B3R3-D1-E1,NC_134847.1,1,91363364,26632591,78877502,86.3338,33.8039,255,54.4
B3R3-D1-E1,NC_134848.1,1,86550376,22180268,73467591,84.8842,29.4753,255,52.5
B3R3-D1-E1,NC_134849.1,1,81349889,21188564,69459661,85.3838,30.0017,255,52.7
B3R3-D1-E1,NC_134850.1,1,74365144,20995620,63922719,85.9579,32.5392,255,54
B3R3-D1-E1,NC_134851.1,1,73464853,18397567,61800318,84.1223,28.7332,255,53.7
B3R3-D1-E1,all,1,1368757345,410333446,1192429920,87.1177,34.8473,255,54.218
B3R4-D1-E1,NC_134838.1,1,133122103,42855837,118775140,89.2227,38.3636,255,54.9
B3R4-D1-E1,NC_134839.1,1,115872679,39986568,105545978,91.0879,41.3246,255,55.2
B3R4-D1-E1,NC_134840.1,1,112047329,36250800,99432144,88.7412,38.4883,255,55
B3R4-D1-E1,NC_134841.1,1,104860103,35826330,94861476,90.4648,40.8867,255,55.2
B3R4-D1-E1,NC_134842.1,1,102992780,25405903,84663250,82.2031,28.8045,255,53.3
B3R4-D1-E1,NC_134843.1,1,102858672,31118253,91018207,88.4886,35.8001,255,54.4
B3R4-D1-E1,NC_134844.1,1,98048912,26368016,84320975,85.9989,31.6208,255,54
B3R4-D1-E1,NC_134845.1,1,97139405,24816814,81696946,84.1028,29.8716,255,53.9
B3R4-D1-E1,NC_134846.1,1,94721750,29854882,84250793,88.9456,37.4638,255,55
B3R4-D1-E1,NC_134847.1,1,91363364,26041550,78820646,86.2716,33.6244,255,54.5
B3R4-D1-E1,NC_134848.1,1,86550376,21770807,73389499,84.794,29.429,255,52.5
B3R4-D1-E1,NC_134849.1,1,81349889,20738097,69389116,85.2971,29.8599,255,52.8
B3R4-D1-E1,NC_134850.1,1,74365144,20585302,63884658,85.9067,32.4655,255,54.1
B3R4-D1-E1,NC_134851.1,1,73464853,18091691,61774825,84.0876,28.7551,255,53.7
B3R4-D1-E1,all,1,1368757345,399710850,1191823653,87.0734,34.535,255,54.2589
B3R6-D1-E1,NC_134838.1,1,133122103,42574583,118912806,89.3261,37.5629,255,54.9
B3R6-D1-E1,NC_134839.1,1,115872679,39949120,105691714,91.2137,40.6897,255,55.2
B3R6-D1-E1,NC_134840.1,1,112047329,36148850,99620265,88.9091,37.8407,255,55
B3R6-D1-E1,NC_134841.1,1,104860103,35673010,94994556,90.5917,40.1171,255,55.2
B3R6-D1-E1,NC_134842.1,1,102992780,25238950,84936331,82.4682,28.2194,255,53.3
B3R6-D1-E1,NC_134843.1,1,102858672,31064509,91148325,88.6151,35.2362,255,54.5
B3R6-D1-E1,NC_134844.1,1,98048912,26270197,84518137,86.2,31.052,255,54
B3R6-D1-E1,NC_134845.1,1,97139405,24789375,81905356,84.3173,29.4159,255,54
B3R6-D1-E1,NC_134846.1,1,94721750,29637298,84446392,89.1521,36.6628,255,55
B3R6-D1-E1,NC_134847.1,1,91363364,25800417,78976720,86.4424,32.8383,255,54.5
B3R6-D1-E1,NC_134848.1,1,86550376,21764774,73611751,85.0508,29.0033,255,52.5
B3R6-D1-E1,NC_134849.1,1,81349889,20566509,69537376,85.4794,29.1997,255,52.8
B3R6-D1-E1,NC_134850.1,1,74365144,20506234,64018183,86.0863,31.884,255,54.1
B3R6-D1-E1,NC_134851.1,1,73464853,17908479,61910816,84.2727,28.0623,255,53.7
B3R6-D1-E1,all,1,1368757345,397892305,1194228728,87.2491,33.8891,255,54.2736
C1R1-14C-D20-E1,NC_134838.1,1,133122103,39973434,120379690,90.428,34.3551,255,54
C1R1-14C-D20-E1,NC_134839.1,1,115872679,37493525,106328172,91.7629,37.2252,255,54.4
C1R1-14C-D20-E1,NC_134840.1,1,112047329,33613537,100112249,89.3482,34.2094,255,54.1
C1R1-14C-D20-E1,NC_134841.1,1,104860103,33024289,95202628,90.7901,36.19,255,54.4
C1R1-14C-D20-E1,NC_134842.1,1,102992780,23840120,86042337,83.5421,25.8791,255,52.5
C1R1-14C-D20-E1,NC_134843.1,1,102858672,28996853,91510888,88.9676,31.9778,255,53.7
C1R1-14C-D20-E1,NC_134844.1,1,98048912,23774391,84730563,86.4166,27.2176,255,53.1
C1R1-14C-D20-E1,NC_134845.1,1,97139405,23052607,82920246,85.3621,26.5134,255,53.1
C1R1-14C-D20-E1,NC_134846.1,1,94721750,27887871,85070271,89.8107,33.6054,255,54.1
C1R1-14C-D20-E1,NC_134847.1,1,91363364,23873226,79346472,86.8471,29.4798,255,53.6
C1R1-14C-D20-E1,NC_134848.1,1,86550376,20653379,73960218,85.4534,26.7642,255,52.2
C1R1-14C-D20-E1,NC_134849.1,1,81349889,19357593,70141062,86.2215,26.7032,255,52.2
C1R1-14C-D20-E1,NC_134850.1,1,74365144,19084506,64311237,86.4804,28.8063,255,53.3
C1R1-14C-D20-E1,NC_134851.1,1,73464853,16811628,62114197,84.5495,25.4816,255,52.9
C1R1-14C-D20-E1,all,1,1368757345,371436959,1202170230,87.8293,30.7527,255,53.4713
C1R1-22C-D10-E1,NC_134838.1,1,133122103,9858849,104252466,78.3134,5.63901,255,48.9
C1R1-22C-D10-E1,NC_134839.1,1,115872679,8890158,94559546,81.6064,6.00043,255,49.3
C1R1-22C-D10-E1,NC_134840.1,1,112047329,8326379,87314930,77.9268,5.65066,255,48.9
C1R1-22C-D10-E1,NC_134841.1,1,104860103,8024448,84709040,80.7829,5.93332,255,49.2
C1R1-22C-D10-E1,NC_134842.1,1,102992780,6298156,69601699,67.5792,4.38848,255,47.6
C1R1-22C-D10-E1,NC_134843.1,1,102858672,7321942,78628766,76.4435,5.34363,255,48.6
C1R1-22C-D10-E1,NC_134844.1,1,98048912,6326147,69668991,71.0553,4.70499,255,48.1
C1R1-22C-D10-E1,NC_134845.1,1,97139405,6270340,67727997,69.7225,4.57552,255,47.8
C1R1-22C-D10-E1,NC_134846.1,1,94721750,7066239,74364277,78.5081,5.70633,255,49.1
C1R1-22C-D10-E1,NC_134847.1,1,91363364,6220305,66991197,73.3239,5.01938,255,48.5
C1R1-22C-D10-E1,NC_134848.1,1,86550376,5149772,59330342,68.5501,4.38872,255,47.4
C1R1-22C-D10-E1,NC_134849.1,1,81349889,4971006,56609413,69.5876,4.46757,255,47.6
C1R1-22C-D10-E1,NC_134850.1,1,74365144,4937133,53177913,71.5092,4.86413,255,48.2
C1R1-22C-D10-E1,NC_134851.1,1,73464853,4561079,50128490,68.2347,4.40708,255,47.8
C1R1-22C-D10-E1,all,1,1368757345,94221953,1017065067,74.3057,5.14083,255,48.4191
C1R1-22C-D19-E1,NC_134838.1,1,133122103,5882605,71763526,53.908,1.8774,255,44.1
C1R1-22C-D19-E1,NC_134839.1,1,115872679,5250872,67004943,57.8264,1.99598,255,44.4
C1R1-22C-D19-E1,NC_134840.1,1,112047329,5010547,60392091,53.8987,1.89046,255,44.1
C1R1-22C-D19-E1,NC_134841.1,1,104860103,4716406,59294300,56.5461,1.94849,255,44.3
C1R1-22C-D19-E1,NC_134842.1,1,102992780,3933097,44371640,43.0823,1.51888,255,43.6
C1R1-22C-D19-E1,NC_134843.1,1,102858672,4441899,52983225,51.5107,1.7996,255,44
C1R1-22C-D19-E1,NC_134844.1,1,98048912,3909068,45071960,45.9689,1.60029,255,43.7
C1R1-22C-D19-E1,NC_134845.1,1,97139405,3975129,43727987,45.0157,1.60341,255,43.6
C1R1-22C-D19-E1,NC_134846.1,1,94721750,4188228,51077274,53.9235,1.86437,255,44.1
C1R1-22C-D19-E1,NC_134847.1,1,91363364,3826625,44582840,48.7973,1.70376,255,43.9
C1R1-22C-D19-E1,NC_134848.1,1,86550376,3153700,37744054,43.6093,1.50855,255,43.7
C1R1-22C-D19-E1,NC_134849.1,1,81349889,3021106,35946116,44.187,1.51859,255,43.6
C1R1-22C-D19-E1,NC_134850.1,1,74365144,3031842,35260861,47.4158,1.66457,255,43.8
C1R1-22C-D19-E1,NC_134851.1,1,73464853,2864563,31723446,43.1818,1.5228,255,43.6
C1R1-22C-D19-E1,all,1,1368757345,57205687,680944263,49.7491,1.7341,255,43.9199
C1R2-14C-D20-E1,NC_134838.1,1,133122103,26175206,117760759,88.4607,21.8899,255,53.7
C1R2-14C-D20-E1,NC_134839.1,1,115872679,24423038,104560660,90.2375,23.6821,255,54.1
C1R2-14C-D20-E1,NC_134840.1,1,112047329,22027370,97947263,87.416,21.8042,255,53.8
C1R2-14C-D20-E1,NC_134841.1,1,104860103,21645771,93426521,89.0963,23.1292,255,54.1
C1R2-14C-D20-E1,NC_134842.1,1,102992780,15869298,83277960,80.8581,16.6541,255,52.2
C1R2-14C-D20-E1,NC_134843.1,1,102858672,19074439,89472309,86.9857,20.4441,255,53.4
C1R2-14C-D20-E1,NC_134844.1,1,98048912,15839670,82088273,83.7218,17.5608,255,52.8
C1R2-14C-D20-E1,NC_134845.1,1,97139405,15468589,80491171,82.8615,17.1672,255,52.7
C1R2-14C-D20-E1,NC_134846.1,1,94721750,18436294,83361214,88.0064,21.6299,255,53.8
C1R2-14C-D20-E1,NC_134847.1,1,91363364,15980393,77397777,84.7142,19.1522,255,53.3
C1R2-14C-D20-E1,NC_134848.1,1,86550376,13075300,71868604,83.0367,16.4089,255,51.5
C1R2-14C-D20-E1,NC_134849.1,1,81349889,12524541,67894631,83.46,16.7148,255,51.8
C1R2-14C-D20-E1,NC_134850.1,1,74365144,12663122,62483970,84.0232,18.5415,255,52.9
C1R2-14C-D20-E1,NC_134851.1,1,73464853,11211140,59991074,81.6596,16.4019,255,52.5
C1R2-14C-D20-E1,all,1,1368757345,244414171,1172022186,85.6267,19.6503,255,53.1222
C1R2-22C-D19-E1,NC_134838.1,1,133122103,4522242,43108908,32.383,1.05083,255,42.6
C1R2-22C-D19-E1,NC_134839.1,1,115872679,3993943,40421386,34.8843,1.09483,255,42.8
C1R2-22C-D19-E1,NC_134840.1,1,112047329,3859682,36847588,32.8857,1.06571,255,42.6
C1R2-22C-D19-E1,NC_134841.1,1,104860103,3599793,36102699,34.4294,1.0834,255,42.8
C1R2-22C-D19-E1,NC_134842.1,1,102992780,3065742,26217147,25.4553,0.872644,255,42.3
C1R2-22C-D19-E1,NC_134843.1,1,102858672,3451922,32477757,31.5751,1.03496,255,42.6
C1R2-22C-D19-E1,NC_134844.1,1,98048912,3046987,26726162,27.258,0.920793,255,42.4
C1R2-22C-D19-E1,NC_134845.1,1,97139405,3126542,26121642,26.8909,0.936971,255,42.3
C1R2-22C-D19-E1,NC_134846.1,1,94721750,3236983,30599416,32.3045,1.04903,255,42.6
C1R2-22C-D19-E1,NC_134847.1,1,91363364,2979777,26930223,29.476,0.981924,255,42.5
C1R2-22C-D19-E1,NC_134848.1,1,86550376,2418167,22312737,25.7801,0.849685,255,42.4
C1R2-22C-D19-E1,NC_134849.1,1,81349889,2340478,21238652,26.1078,0.864944,255,42.3
C1R2-22C-D19-E1,NC_134850.1,1,74365144,2347889,21280321,28.616,0.951895,255,42.5
C1R2-22C-D19-E1,NC_134851.1,1,73464853,2248543,19042155,25.9201,0.892776,255,42.3
C1R2-22C-D19-E1,all,1,1368757345,44238690,409426793,29.9123,0.983923,255,42.5154
C1R3-14C-D20-E1,NC_134838.1,1,133122103,16061969,112855110,84.7756,11.6513,255,51.8
C1R3-14C-D20-E1,NC_134839.1,1,115872679,14980101,101016665,87.179,12.7064,255,52.3
C1R3-14C-D20-E1,NC_134840.1,1,112047329,13554990,93933782,83.834,11.6346,255,51.8
C1R3-14C-D20-E1,NC_134841.1,1,104860103,13285755,90157488,85.9788,12.3813,255,52.2
C1R3-14C-D20-E1,NC_134842.1,1,102992780,9709591,77614170,75.3588,8.65818,255,50.2
C1R3-14C-D20-E1,NC_134843.1,1,102858672,11711336,85125195,82.7594,10.8245,255,51.4
C1R3-14C-D20-E1,NC_134844.1,1,98048912,9857772,77208775,78.7452,9.33348,255,50.8
C1R3-14C-D20-E1,NC_134845.1,1,97139405,9708954,75296626,77.514,9.13381,255,50.6
C1R3-14C-D20-E1,NC_134846.1,1,94721750,11422515,79881680,84.333,11.6407,255,52
C1R3-14C-D20-E1,NC_134847.1,1,91363364,9836564,73320147,80.2511,10.1136,255,51.3
C1R3-14C-D20-E1,NC_134848.1,1,86550376,8124609,66638059,76.9934,8.78576,255,49.9
C1R3-14C-D20-E1,NC_134849.1,1,81349889,7765649,63325810,77.8438,8.88837,255,50.1
C1R3-14C-D20-E1,NC_134850.1,1,74365144,7794257,58886381,79.1855,9.78394,255,50.9
C1R3-14C-D20-E1,NC_134851.1,1,73464853,6970254,55781211,75.9291,8.62813,255,50.4
C1R3-14C-D20-E1,all,1,1368757345,150784316,1111041099,81.1715,10.4506,255,51.201
C1R3-22C-D19-E1,NC_134838.1,1,133122103,7989391,99080356,74.4282,4.32695,255,48.2
C1R3-22C-D19-E1,NC_134839.1,1,115872679,7242504,90278098,77.9115,4.62736,255,48.6
C1R3-22C-D19-E1,NC_134840.1,1,112047329,6806167,83126055,74.1883,4.3418,255,48.2
C1R3-22C-D19-E1,NC_134841.1,1,104860103,6526619,81128990,77.3688,4.57823,255,48.5
C1R3-22C-D19-E1,NC_134842.1,1,102992780,5026803,63226551,61.3893,3.25218,255,46.8
C1R3-22C-D19-E1,NC_134843.1,1,102858672,5906356,73589055,71.5439,4.02513,255,47.7
C1R3-22C-D19-E1,NC_134844.1,1,98048912,5064420,64404628,65.6862,3.49512,255,47.2
C1R3-22C-D19-E1,NC_134845.1,1,97139405,5085593,62426601,64.265,3.45142,255,47
C1R3-22C-D19-E1,NC_134846.1,1,94721750,5691547,69943335,73.8408,4.28685,255,48.2
C1R3-22C-D19-E1,NC_134847.1,1,91363364,5014919,62351156,68.2452,3.7508,255,47.5
C1R3-22C-D19-E1,NC_134848.1,1,86550376,4159808,54510439,62.9812,3.30726,255,46.7
C1R3-22C-D19-E1,NC_134849.1,1,81349889,3979162,52224548,64.1974,3.37676,255,46.9
C1R3-22C-D19-E1,NC_134850.1,1,74365144,4122363,50259451,67.5847,3.89988,255,47.7
C1R3-22C-D19-E1,NC_134851.1,1,73464853,3641431,45800016,62.3428,3.25898,255,46.9
C1R3-22C-D19-E1,all,1,1368757345,76257083,952349279,69.5777,3.90487,255,47.6414
C1R3-C2R1-22C-D19-E1,NC_134838.1,1,133122103,36892666,119475013,89.7484,32.9085,255,54.4
C1R3-C2R1-22C-D19-E1,NC_134839.1,1,115872679,34155801,105460541,91.0142,35.1781,255,54.7
C1R3-C2R1-22C-D19-E1,NC_134840.1,1,112047329,31187362,99599821,88.8908,32.9897,255,54.4
C1R3-C2R1-22C-D19-E1,NC_134841.1,1,104860103,30296077,94383884,90.0093,34.4225,255,54.7
C1R3-C2R1-22C-D19-E1,NC_134842.1,1,102992780,21834106,84760839,82.2978,24.6468,255,52.8
C1R3-C2R1-22C-D19-E1,NC_134843.1,1,102858672,26898206,91755005,89.2049,30.8615,255,54
C1R3-C2R1-22C-D19-E1,NC_134844.1,1,98048912,21878039,83299054,84.9566,26.0225,255,53.4
C1R3-C2R1-22C-D19-E1,NC_134845.1,1,97139405,21420956,82159876,84.5793,25.6616,255,53.5
C1R3-C2R1-22C-D19-E1,NC_134846.1,1,94721750,25855645,84516212,89.2258,32.4016,255,54.5
C1R3-C2R1-22C-D19-E1,NC_134847.1,1,91363364,22380683,78868749,86.3243,28.7615,255,54
C1R3-C2R1-22C-D19-E1,NC_134848.1,1,86550376,18403398,72794945,84.107,24.7458,255,52.2
C1R3-C2R1-22C-D19-E1,NC_134849.1,1,81349889,17705755,69860937,85.8771,25.366,255,52.5
C1R3-C2R1-22C-D19-E1,NC_134850.1,1,74365144,17842390,63120855,84.8796,28.0188,255,53.6
C1R3-C2R1-22C-D19-E1,NC_134851.1,1,73464853,15382406,61302658,83.4449,24.2808,255,53.2
C1R3-C2R1-22C-D19-E1,all,1,1368757345,342133490,1191358389,87.0394,29.4352,255,53.7827
C2R1-14C-D10-E1,NC_134838.1,1,133122103,27147630,115345724,86.6466,21.4615,255,54
C2R1-14C-D10-E1,NC_134839.1,1,115872679,25016386,102510942,88.4686,22.8686,255,54.2
C2R1-14C-D10-E1,NC_134840.1,1,112047329,23195394,96442567,86.0731,21.7543,255,54
C2R1-14C-D10-E1,NC_134841.1,1,104860103,22395422,91738404,87.4865,22.5662,255,54.2
C2R1-14C-D10-E1,NC_134842.1,1,102992780,15918208,80524263,78.1844,15.7931,255,52.3
C2R1-14C-D10-E1,NC_134843.1,1,102858672,19835428,88653112,86.1892,20.1273,255,53.6
C2R1-14C-D10-E1,NC_134844.1,1,98048912,16189677,79556966,81.1401,16.9501,255,52.9
C2R1-14C-D10-E1,NC_134845.1,1,97139405,15749488,78633356,80.949,16.5314,255,52.9
C2R1-14C-D10-E1,NC_134846.1,1,94721750,19209584,81964407,86.5318,21.2995,255,54
C2R1-14C-D10-E1,NC_134847.1,1,91363364,16576126,76001995,83.1865,18.7923,255,53.5
C2R1-14C-D10-E1,NC_134848.1,1,86550376,13320352,69149390,79.895,15.7906,255,51.7
C2R1-14C-D10-E1,NC_134849.1,1,81349889,12842544,66489926,81.7333,16.2478,255,52.1
C2R1-14C-D10-E1,NC_134850.1,1,74365144,12996065,60592833,81.4802,17.9876,255,53.1
C2R1-14C-D10-E1,NC_134851.1,1,73464853,11337847,58194076,79.2135,15.6862,255,52.6
C2R1-14C-D10-E1,all,1,1368757345,251730151,1145797961,83.7108,19.1328,255,53.3016
C2R1-14C-D20-E1,NC_134838.1,1,133122103,30242911,118085820,88.7049,25.4694,255,53.6
C2R1-14C-D20-E1,NC_134839.1,1,115872679,28099479,104519876,90.2023,27.4064,255,54
C2R1-14C-D20-E1,NC_134840.1,1,112047329,25607065,98576738,87.9778,25.5836,255,53.7
C2R1-14C-D20-E1,NC_134841.1,1,104860103,24752399,93536081,89.2008,26.6018,255,53.9
C2R1-14C-D20-E1,NC_134842.1,1,102992780,17572489,83459197,81.034,18.5489,255,52
C2R1-14C-D20-E1,NC_134843.1,1,102858672,21817382,90621664,88.1031,23.5699,255,53.3
C2R1-14C-D20-E1,NC_134844.1,1,98048912,17796105,82282173,83.9195,19.8345,255,52.6
C2R1-14C-D20-E1,NC_134845.1,1,97139405,17272381,80983744,83.3686,19.3035,255,52.6
C2R1-14C-D20-E1,NC_134846.1,1,94721750,21163163,83687534,88.3509,25.0163,255,53.8
C2R1-14C-D20-E1,NC_134847.1,1,91363364,18198714,77972163,85.3429,21.9836,255,53.2
C2R1-14C-D20-E1,NC_134848.1,1,86550376,14891027,71569896,82.6916,18.8346,255,51.6
C2R1-14C-D20-E1,NC_134849.1,1,81349889,14229978,68587252,84.3114,19.1291,255,51.8
C2R1-14C-D20-E1,NC_134850.1,1,74365144,14282697,62258466,83.72,21.0454,255,52.8
C2R1-14C-D20-E1,NC_134851.1,1,73464853,12421840,60188450,81.9282,18.2805,255,52.4
C2R1-14C-D20-E1,all,1,1368757345,278347630,1176329054,85.9414,22.5382,255,53.0253
C2R1-22C-D19-E1,NC_134838.1,1,133122103,28894665,117238821,88.0686,24.7258,255,54.1
C2R1-22C-D19-E1,NC_134839.1,1,115872679,26639515,103899673,89.6671,26.3762,255,54.4
C2R1-22C-D19-E1,NC_134840.1,1,112047329,24468639,97858527,87.3368,24.8298,255,54.1
C2R1-22C-D19-E1,NC_134841.1,1,104860103,23889704,93004664,88.694,26.0986,255,54.4
C2R1-22C-D19-E1,NC_134842.1,1,102992780,17051113,82407478,80.0129,18.3507,255,52.4
C2R1-22C-D19-E1,NC_134843.1,1,102858672,20999433,90040114,87.5377,23.0816,255,53.7
C2R1-22C-D19-E1,NC_134844.1,1,98048912,17259219,81257463,82.8744,19.6199,255,53
C2R1-22C-D19-E1,NC_134845.1,1,97139405,16848354,80072148,82.4301,19.2302,255,53.1
C2R1-22C-D19-E1,NC_134846.1,1,94721750,20338285,83125772,87.7579,24.4497,255,54.2
C2R1-22C-D19-E1,NC_134847.1,1,91363364,17623887,77333219,84.6436,21.6715,255,53.6
C2R1-22C-D19-E1,NC_134848.1,1,86550376,14263307,70823897,81.8297,18.3379,255,51.8
C2R1-22C-D19-E1,NC_134849.1,1,81349889,13786145,68098679,83.7108,18.8859,255,52.1
C2R1-22C-D19-E1,NC_134850.1,1,74365144,13929319,61714248,82.9881,20.9128,255,53.2
C2R1-22C-D19-E1,NC_134851.1,1,73464853,12093895,59669796,81.2222,18.1985,255,52.7
C2R1-22C-D19-E1,all,1,1368757345,268085480,1166544499,85.2265,22.0887,255,53.4258
C2R2-14C-D20-E1,NC_134838.1,1,133122103,37511585,118866929,89.2917,33.5348,255,54.2
C2R2-14C-D20-E1,NC_134839.1,1,115872679,35024854,105091254,90.6955,36.1588,255,54.6
C2R2-14C-D20-E1,NC_134840.1,1,112047329,31804757,99120812,88.4633,33.7343,255,54.3
C2R2-14C-D20-E1,NC_134841.1,1,104860103,30672544,93992644,89.6362,34.9228,255,54.5
C2R2-14C-D20-E1,NC_134842.1,1,102992780,21401924,83793829,81.3589,24.1913,255,52.6
C2R2-14C-D20-E1,NC_134843.1,1,102858672,26957696,91214336,88.6793,30.9861,255,53.9
C2R2-14C-D20-E1,NC_134844.1,1,98048912,21651822,82706738,84.3525,25.7962,255,53.2
C2R2-14C-D20-E1,NC_134845.1,1,97139405,21010516,81275273,83.6687,25.1885,255,53.3
C2R2-14C-D20-E1,NC_134846.1,1,94721750,26075257,84136502,88.8249,32.7478,255,54.4
C2R2-14C-D20-E1,NC_134847.1,1,91363364,22377998,78361523,85.7691,28.8292,255,53.9
C2R2-14C-D20-E1,NC_134848.1,1,86550376,18443645,71829773,82.9919,24.8645,255,52.2
C2R2-14C-D20-E1,NC_134849.1,1,81349889,17546490,69123623,84.9708,25.1727,255,52.3
C2R2-14C-D20-E1,NC_134850.1,1,74365144,17592466,62718003,84.3379,27.652,255,53.4
C2R2-14C-D20-E1,NC_134851.1,1,73464853,15169009,60572202,82.4506,23.9659,255,53
C2R2-14C-D20-E1,all,1,1368757345,343240563,1182803441,86.4144,29.5913,255,53.6331
C2R2-22C-D19-E1,NC_134838.1,1,133122103,25178579,116583349,87.5763,20.4635,255,52.2
C2R2-22C-D19-E1,NC_134839.1,1,115872679,23496678,103460925,89.2885,22.175,255,52.7
C2R2-22C-D19-E1,NC_134840.1,1,112047329,21331283,97159405,86.7128,20.5599,255,52.3
C2R2-22C-D19-E1,NC_134841.1,1,104860103,20322893,92435849,88.1516,21.0685,255,52.5
C2R2-22C-D19-E1,NC_134842.1,1,102992780,14758828,80774797,78.4276,14.9324,255,50.7
C2R2-22C-D19-E1,NC_134843.1,1,102858672,18134422,89103699,86.6273,18.851,255,51.8
C2R2-22C-D19-E1,NC_134844.1,1,98048912,14587600,79755361,81.3424,15.5298,255,51.1
C2R2-22C-D19-E1,NC_134845.1,1,97139405,14362650,78525659,80.8381,15.318,255,51.1
C2R2-22C-D19-E1,NC_134846.1,1,94721750,17538868,82357517,86.9468,19.965,255,52.4
C2R2-22C-D19-E1,NC_134847.1,1,91363364,15004507,76237966,83.4448,17.3842,255,51.8
C2R2-22C-D19-E1,NC_134848.1,1,86550376,12949086,69125917,79.8678,15.8045,255,50.7
C2R2-22C-D19-E1,NC_134849.1,1,81349889,12162713,66820001,82.139,15.7504,255,50.6
C2R2-22C-D19-E1,NC_134850.1,1,74365144,11897857,60801630,81.7609,16.812,255,51.4
C2R2-22C-D19-E1,NC_134851.1,1,73464853,10474236,58205151,79.2286,14.7517,255,51
C2R2-22C-D19-E1,all,1,1368757345,232200200,1151347226,84.1162,18.087,255,51.663
C2R3-14C-D20-E1,NC_134838.1,1,133122103,29896794,118174640,88.7716,26.4774,255,54.1
C2R3-14C-D20-E1,NC_134839.1,1,115872679,27800668,104529618,90.2108,28.4477,255,54.4
C2R3-14C-D20-E1,NC_134840.1,1,112047329,25334509,98452068,87.8665,26.6263,255,54.2
C2R3-14C-D20-E1,NC_134841.1,1,104860103,24479802,93522392,89.1878,27.6299,255,54.4
C2R3-14C-D20-E1,NC_134842.1,1,102992780,17327044,82926131,80.5165,19.3703,255,52.5
C2R3-14C-D20-E1,NC_134843.1,1,102858672,21563742,90554643,88.0379,24.5421,255,53.7
C2R3-14C-D20-E1,NC_134844.1,1,98048912,17405486,81806558,83.4344,20.5078,255,53
C2R3-14C-D20-E1,NC_134845.1,1,97139405,17005202,80477496,82.8474,20.1551,255,53.2
C2R3-14C-D20-E1,NC_134846.1,1,94721750,20853596,83575457,88.2326,25.9449,255,54.2
C2R3-14C-D20-E1,NC_134847.1,1,91363364,17895063,77748729,85.0984,22.809,255,53.7
C2R3-14C-D20-E1,NC_134848.1,1,86550376,14841420,71156627,82.2141,19.8093,255,52
C2R3-14C-D20-E1,NC_134849.1,1,81349889,14168822,68549243,84.2647,20.1287,255,52.2
C2R3-14C-D20-E1,NC_134850.1,1,74365144,14183604,62043046,83.4303,22.0678,255,53.3
C2R3-14C-D20-E1,NC_134851.1,1,73464853,12240163,59876122,81.5031,19.1143,255,52.9
C2R3-14C-D20-E1,all,1,1368757345,274995915,1173392770,85.7269,23.4727,255,53.4901
C2R3-22C-D19-E1,NC_134838.1,1,133122103,15669788,111369372,83.6596,10.8107,255,51.2
C2R3-22C-D19-E1,NC_134839.1,1,115872679,14352194,99704033,86.0462,11.551,255,51.6
C2R3-22C-D19-E1,NC_134840.1,1,112047329,13278008,93152766,83.137,10.8171,255,51.2
C2R3-22C-D19-E1,NC_134841.1,1,104860103,12772833,89040284,84.9134,11.2925,255,51.5
C2R3-22C-D19-E1,NC_134842.1,1,102992780,9609143,76070351,73.8599,8.12434,255,49.7
C2R3-22C-D19-E1,NC_134843.1,1,102858672,11563215,85064812,82.7007,10.1708,255,50.8
C2R3-22C-D19-E1,NC_134844.1,1,98048912,9656022,75485105,76.9872,8.65347,255,50.1
C2R3-22C-D19-E1,NC_134845.1,1,97139405,9557310,73988454,76.1673,8.50717,255,50
C2R3-22C-D19-E1,NC_134846.1,1,94721750,11116631,79100767,83.5086,10.7292,255,51.3
C2R3-22C-D19-E1,NC_134847.1,1,91363364,9763633,72637298,79.5037,9.54083,255,50.7
C2R3-22C-D19-E1,NC_134848.1,1,86550376,8014076,64831434,74.906,8.21194,255,49.5
C2R3-22C-D19-E1,NC_134849.1,1,81349889,7705204,62624826,76.9821,8.40416,255,49.6
C2R3-22C-D19-E1,NC_134850.1,1,74365144,7755599,57698893,77.5886,9.26815,255,50.4
C2R3-22C-D19-E1,NC_134851.1,1,73464853,6857998,54582422,74.2973,8.06116,255,49.9
C2R3-22C-D19-E1,all,1,1368757345,147671654,1095350817,80.0252,9.71343,255,50.6077
C3R1-14C-D20-E1,NC_134838.1,1,133122103,36866336,119623487,89.86,32.6109,255,54.1
C3R1-14C-D20-E1,NC_134839.1,1,115872679,34967199,105973811,91.4571,35.8086,255,54.5
C3R1-14C-D20-E1,NC_134840.1,1,112047329,31494469,99962316,89.2144,33.098,255,54.2
C3R1-14C-D20-E1,NC_134841.1,1,104860103,30757654,95204593,90.792,34.7488,255,54.4
C3R1-14C-D20-E1,NC_134842.1,1,102992780,21321895,85167205,82.6924,23.8065,255,52.4
C3R1-14C-D20-E1,NC_134843.1,1,102858672,26491348,92028807,89.4711,30.1045,255,53.6
C3R1-14C-D20-E1,NC_134844.1,1,98048912,22034870,84801860,86.4893,26.0192,255,53
C3R1-14C-D20-E1,NC_134845.1,1,97139405,20877309,82411533,84.8384,24.6957,255,53
C3R1-14C-D20-E1,NC_134846.1,1,94721750,25654529,84911915,89.6435,31.85,255,54.2
C3R1-14C-D20-E1,NC_134847.1,1,91363364,22031685,79327224,86.8261,28.0661,255,53.6
C3R1-14C-D20-E1,NC_134848.1,1,86550376,18692541,73679401,85.1289,24.9527,255,52
C3R1-14C-D20-E1,NC_134849.1,1,81349889,17777843,70007424,86.0572,25.2627,255,52.1
C3R1-14C-D20-E1,NC_134850.1,1,74365144,17366886,63921785,85.9566,26.9938,255,53.2
C3R1-14C-D20-E1,NC_134851.1,1,73464853,15281780,62129929,84.571,23.8758,255,52.9
C3R1-14C-D20-E1,all,1,1368757345,341616344,1199151290,87.6088,29.1495,255,53.4513
C3R1-22C-D19-E1,NC_134838.1,1,133122103,10141499,104163337,78.2465,5.82595,255,48.8
C3R1-22C-D19-E1,NC_134839.1,1,115872679,9222515,95272616,82.2218,6.23885,255,49.2
C3R1-22C-D19-E1,NC_134840.1,1,112047329,8614805,87871130,78.4232,5.84136,255,48.8
C3R1-22C-D19-E1,NC_134841.1,1,104860103,8280354,85388856,81.4312,6.15994,255,49.2
C3R1-22C-D19-E1,NC_134842.1,1,102992780,6465191,69588976,67.5668,4.48133,255,47.4
C3R1-22C-D19-E1,NC_134843.1,1,102858672,7541475,79002141,76.8065,5.48608,255,48.4
C3R1-22C-D19-E1,NC_134844.1,1,98048912,6528099,70684786,72.0914,4.85823,255,47.9
C3R1-22C-D19-E1,NC_134845.1,1,97139405,6428686,67303674,69.2857,4.66444,255,47.7
C3R1-22C-D19-E1,NC_134846.1,1,94721750,7195080,74233664,78.3702,5.75599,255,48.8
C3R1-22C-D19-E1,NC_134847.1,1,91363364,6445308,67614956,74.0066,5.206,255,48.3
C3R1-22C-D19-E1,NC_134848.1,1,86550376,5259892,59772496,69.0609,4.46779,255,47.3
C3R1-22C-D19-E1,NC_134849.1,1,81349889,5100445,57097803,70.1879,4.61876,255,47.4
C3R1-22C-D19-E1,NC_134850.1,1,74365144,5061349,53581283,72.0516,4.96868,255,48
C3R1-22C-D19-E1,NC_134851.1,1,73464853,4634443,50498818,68.7387,4.45265,255,47.6
C3R1-22C-D19-E1,all,1,1368757345,96919141,1022074536,74.6717,5.28515,255,48.2673
C3R2-14C-D20-E1,NC_134838.1,1,133122103,24884095,115288513,86.6036,19.9231,255,53.2
C3R2-14C-D20-E1,NC_134839.1,1,115872679,23256789,103277036,89.1298,21.6499,255,53.6
C3R2-14C-D20-E1,NC_134840.1,1,112047329,21185991,96764257,86.3602,20.1422,255,53.3
C3R2-14C-D20-E1,NC_134841.1,1,104860103,20713244,92747296,88.4486,21.2531,255,53.5
C3R2-14C-D20-E1,NC_134842.1,1,102992780,14731803,80700457,78.3555,14.6675,255,51.5
C3R2-14C-D20-E1,NC_134843.1,1,102858672,18042734,88282663,85.8291,18.478,255,52.7
C3R2-14C-D20-E1,NC_134844.1,1,98048912,15176863,80956828,82.5678,16.0675,255,52.2
C3R2-14C-D20-E1,NC_134845.1,1,97139405,14558358,78287472,80.5929,15.3324,255,52
C3R2-14C-D20-E1,NC_134846.1,1,94721750,17326691,81905773,86.4699,19.4105,255,53.2
C3R2-14C-D20-E1,NC_134847.1,1,91363364,15087569,76100645,83.2945,17.2596,255,52.7
C3R2-14C-D20-E1,NC_134848.1,1,86550376,12495550,70010306,80.8897,15.0114,255,51.2
C3R2-14C-D20-E1,NC_134849.1,1,81349889,12028744,66341200,81.5504,15.3538,255,51.3
C3R2-14C-D20-E1,NC_134850.1,1,74365144,11865155,61330289,82.4718,16.5538,255,52.3
C3R2-14C-D20-E1,NC_134851.1,1,73464853,10534467,58847346,80.1027,14.6422,255,51.9
C3R2-14C-D20-E1,all,1,1368757345,231888053,1150840081,84.0792,17.8212,255,52.5513
C3R2-22C-D19-E1,NC_134838.1,1,133122103,19088100,111599418,83.8324,13.6106,255,51.6
C3R2-22C-D19-E1,NC_134839.1,1,115872679,17639780,100845234,87.0311,14.7139,255,52
C3R2-22C-D19-E1,NC_134840.1,1,112047329,16163847,93930188,83.8308,13.6447,255,51.6
C3R2-22C-D19-E1,NC_134841.1,1,104860103,15749824,90385195,86.196,14.4671,255,52
C3R2-22C-D19-E1,NC_134842.1,1,102992780,11817590,77116100,74.8752,10.3838,255,50
C3R2-22C-D19-E1,NC_134843.1,1,102858672,14065503,85359452,82.9871,12.8071,255,51.2
C3R2-22C-D19-E1,NC_134844.1,1,98048912,12008090,77461003,79.0024,11.2387,255,50.7
C3R2-22C-D19-E1,NC_134845.1,1,97139405,11667102,74747215,76.9484,10.8045,255,50.5
C3R2-22C-D19-E1,NC_134846.1,1,94721750,13428663,79468940,83.8972,13.3657,255,51.6
C3R2-22C-D19-E1,NC_134847.1,1,91363364,11946154,73551278,80.5041,12.1384,255,51.1
C3R2-22C-D19-E1,NC_134848.1,1,86550376,9856383,66871036,77.2626,10.5178,255,49.8
C3R2-22C-D19-E1,NC_134849.1,1,81349889,9557120,63454728,78.0022,10.8391,255,49.9
C3R2-22C-D19-E1,NC_134850.1,1,74365144,9390336,58763450,79.0202,11.5978,255,50.8
C3R2-22C-D19-E1,NC_134851.1,1,73464853,8474597,56404081,76.777,10.3983,255,50.4
C3R2-22C-D19-E1,all,1,1368757345,180853089,1109957318,81.0923,12.3429,255,51.0154
C3R3-22C-D19-E1,NC_134838.1,1,133122103,28851660,117271407,88.0931,24.8943,255,53.6
C3R3-22C-D19-E1,NC_134839.1,1,115872679,27105616,104594557,90.2668,27.0868,255,54
C3R3-22C-D19-E1,NC_134840.1,1,112047329,24425544,98225450,87.6642,24.999,255,53.7
C3R3-22C-D19-E1,NC_134841.1,1,104860103,23962912,93937409,89.5836,26.4139,255,54
C3R3-22C-D19-E1,NC_134842.1,1,102992780,17370205,82703800,80.3006,18.8866,255,52.1
C3R3-22C-D19-E1,NC_134843.1,1,102858672,21087067,89804603,87.3087,23.3516,255,53.2
C3R3-22C-D19-E1,NC_134844.1,1,98048912,17680959,82754909,84.4017,20.3385,255,52.7
C3R3-22C-D19-E1,NC_134845.1,1,97139405,16772698,79776445,82.1257,19.2861,255,52.7
C3R3-22C-D19-E1,NC_134846.1,1,94721750,20093802,83196578,87.8326,24.2834,255,53.8
C3R3-22C-D19-E1,NC_134847.1,1,91363364,17554173,77487627,84.8126,21.765,255,53.3
C3R3-22C-D19-E1,NC_134848.1,1,86550376,15180305,71604821,82.732,19.7607,255,51.8
C3R3-22C-D19-E1,NC_134849.1,1,81349889,14357701,67828669,83.3789,19.9135,255,51.8
C3R3-22C-D19-E1,NC_134850.1,1,74365144,13946087,62621710,84.2084,21.1232,255,52.9
C3R3-22C-D19-E1,NC_134851.1,1,73464853,12323784,60227620,81.9815,18.7327,255,52.6
C3R3-22C-D19-E1,all,1,1368757345,270712513,1172035605,85.6277,22.5052,255,53.0827
C3R3-D20-14-E1,NC_134838.1,1,133122103,27172366,116676327,87.6461,23.6006,255,53.5
C3R3-D20-14-E1,NC_134839.1,1,115872679,25659216,104300067,90.0126,25.8244,255,54
C3R3-D20-14-E1,NC_134840.1,1,112047329,23087676,97806101,87.29,23.8113,255,53.7
C3R3-D20-14-E1,NC_134841.1,1,104860103,22446055,93693811,89.3512,24.9125,255,53.9
C3R3-D20-14-E1,NC_134842.1,1,102992780,15853854,81785896,79.4093,17.3215,255,51.9
C3R3-D20-14-E1,NC_134843.1,1,102858672,19535539,89230166,86.7503,21.7605,255,53.1
C3R3-D20-14-E1,NC_134844.1,1,98048912,16202450,82014136,83.6461,18.727,255,52.5
C3R3-D20-14-E1,NC_134845.1,1,97139405,15368134,79005028,81.3316,17.7595,255,52.5
C3R3-D20-14-E1,NC_134846.1,1,94721750,18751915,82799568,87.4135,22.8203,255,53.6
C3R3-D20-14-E1,NC_134847.1,1,91363364,16214379,76978333,84.2551,20.2239,255,53.1
C3R3-D20-14-E1,NC_134848.1,1,86550376,13972917,70906708,81.9254,18.2963,255,51.7
C3R3-D20-14-E1,NC_134849.1,1,81349889,13162215,67143158,82.5363,18.3385,255,51.6
C3R3-D20-14-E1,NC_134850.1,1,74365144,12749993,62123563,83.5385,19.4013,255,52.8
C3R3-D20-14-E1,NC_134851.1,1,73464853,11286831,59609278,81.1399,17.2273,255,52.4
C3R3-D20-14-E1,all,1,1368757345,251463540,1164072140,85.0459,21.0344,255,52.9527
F02,NC_134838.1,1,133122103,44950619,109647229,82.3659,41.3229,255,54.8
F02,NC_134839.1,1,115872679,41908222,97734824,84.3467,44.3959,255,55.2
F02,NC_134840.1,1,112047329,38007859,90395905,80.6765,41.3693,255,54.9
F02,NC_134841.1,1,104860103,37449929,87744867,83.678,43.8582,255,55.2
F02,NC_134842.1,1,102992780,26997688,72758643,70.6444,31.5671,255,53.3
F02,NC_134843.1,1,102858672,32009076,81473555,79.2092,37.8015,255,54.5
F02,NC_134844.1,1,98048912,26068368,71198539,72.6153,32.0175,255,54
F02,NC_134845.1,1,97139405,25622112,68879189,70.9076,31.6858,255,53.9
F02,NC_134846.1,1,94721750,31427160,76088296,80.3282,40.5374,255,55
F02,NC_134847.1,1,91363364,26502670,67953173,74.3768,35.063,255,54.5
F02,NC_134848.1,1,86550376,22384709,61018006,70.5,30.9726,255,52.6
F02,NC_134849.1,1,81349889,21263130,58514347,71.9292,31.3998,255,52.7
F02,NC_134850.1,1,74365144,20722496,54754789,73.6296,33.4558,255,53.8
F02,NC_134851.1,1,73464853,18646473,51570324,70.1973,30.4006,255,53.5
F02,all,1,1368757345,413960511,1049731686,76.6923,36.7018,255,54.2219
F03,NC_134838.1,1,133122103,36856400,107065424,80.4265,33.934,255,54.9
F03,NC_134839.1,1,115872679,33759217,96642740,83.4043,35.8364,255,55.2
F03,NC_134840.1,1,112047329,31271940,90459440,80.7332,34.1791,255,55
F03,NC_134841.1,1,104860103,30203012,87271913,83.227,35.4406,255,55.2
F03,NC_134842.1,1,102992780,20704981,71054794,68.9901,24.2013,255,53.3
F03,NC_134843.1,1,102858672,26529437,81889109,79.6132,31.4884,255,54.5
F03,NC_134844.1,1,98048912,21412097,71135145,72.5507,26.3906,255,53.8
F03,NC_134845.1,1,97139405,20699556,68377355,70.391,25.694,255,54.1
F03,NC_134846.1,1,94721750,25428679,76033619,80.2705,32.9167,255,55.1
F03,NC_134847.1,1,91363364,22662044,69269376,75.8175,30.2243,255,54.6
F03,NC_134848.1,1,86550376,18290162,61088614,70.5816,25.4905,255,52.5
F03,NC_134849.1,1,81349889,16724502,57845287,71.1068,24.7452,255,52.8
F03,NC_134850.1,1,74365144,17193802,55460831,74.5791,27.8923,255,54
F03,NC_134851.1,1,73464853,14457363,49411287,67.2584,23.6104,255,53.5
F03,all,1,1368757345,336193192,1043004934,76.2009,29.9089,255,54.2637
F04,NC_134838.1,1,133122103,37162224,107427597,80.6985,33.9005,255,54.7
F04,NC_134839.1,1,115872679,35548177,97645588,84.2697,37.5329,255,55.2
F04,NC_134840.1,1,112047329,31880432,89656184,80.0164,34.4678,255,54.8
F04,NC_134841.1,1,104860103,31645382,87615916,83.5551,36.8064,255,55.1
F04,NC_134842.1,1,102992780,23100996,71831932,69.7446,26.7398,255,53.2
F04,NC_134843.1,1,102858672,26419311,79865159,77.6455,30.9645,255,54.4
F04,NC_134844.1,1,98048912,21997168,70050360,71.4443,26.7925,255,53.7
F04,NC_134845.1,1,97139405,21830266,68154930,70.162,26.8944,255,54
F04,NC_134846.1,1,94721750,26469140,76140419,80.3832,33.9766,255,54.9
F04,NC_134847.1,1,91363364,22360610,67823854,74.2353,29.3701,255,54.3
F04,NC_134848.1,1,86550376,19559995,59312680,68.5297,26.8753,255,52.5
F04,NC_134849.1,1,81349889,18689749,58495511,71.9061,27.462,255,52.8
F04,NC_134850.1,1,74365144,18141947,55352553,74.4335,29.1534,255,53.9
F04,NC_134851.1,1,73464853,16298380,50981090,69.3952,26.5025,255,53.6
F04,all,1,1368757345,351103777,1040353773,76.0072,30.9322,255,54.157
F05,NC_134838.1,1,133122103,40869191,105097381,78.9481,37.219,255,54.7
F05,NC_134839.1,1,115872679,39993842,98080082,84.6447,42.2638,255,55.2
F05,NC_134840.1,1,112047329,36107983,90420630,80.6986,39.2078,255,55
F05,NC_134841.1,1,104860103,35699019,87604234,83.5439,41.6258,255,55.2
F05,NC_134842.1,1,102992780,24406736,70787585,68.7306,28.2503,255,53
F05,NC_134843.1,1,102858672,30544885,81537900,79.2718,35.9231,255,54.3
F05,NC_134844.1,1,98048912,25880235,71829765,73.2591,31.728,255,53.8
F05,NC_134845.1,1,97139405,23656296,66972609,68.9448,28.9968,255,53.7
F05,NC_134846.1,1,94721750,29340896,75656354,79.8722,37.6455,255,55
F05,NC_134847.1,1,91363364,25112140,67807806,74.2177,33.095,255,54.4
F05,NC_134848.1,1,86550376,22375255,60171028,69.5214,30.9207,255,52.4
F05,NC_134849.1,1,81349889,20304317,58135708,71.4638,29.8572,255,52.6
F05,NC_134850.1,1,74365144,19638862,54614913,73.4415,31.5776,255,53.9
F05,NC_134851.1,1,73464853,18245657,51903001,70.6501,29.7044,255,53.6
F05,all,1,1368757345,392175314,1040618996,76.0266,34.606,255,54.1398
F06,NC_134838.1,1,133122103,33763822,107659598,80.8728,30.9315,255,54.3
F06,NC_134839.1,1,115872679,32224939,96668667,83.4266,33.9573,255,54.8
F06,NC_134840.1,1,112047329,27850206,90204542,80.5057,30.1803,255,54.3
F06,NC_134841.1,1,104860103,28633407,86486642,82.4781,33.3503,255,54.8
F06,NC_134842.1,1,102992780,21630587,70632045,68.5796,25.0375,255,52.8
F06,NC_134843.1,1,102858672,24842740,79434465,77.2268,29.1002,255,53.9
F06,NC_134844.1,1,98048912,22631127,71952237,73.384,27.7182,255,53.7
F06,NC_134845.1,1,97139405,20821302,68323281,70.3353,25.6508,255,53.4
F06,NC_134846.1,1,94721750,23475087,74670126,78.831,29.9871,255,54.4
F06,NC_134847.1,1,91363364,21068593,68826285,75.3325,27.7856,255,54
F06,NC_134848.1,1,86550376,21429444,61202317,70.7129,29.6334,255,52.5
F06,NC_134849.1,1,81349889,18757583,57969866,71.2599,27.6297,255,52.3
F06,NC_134850.1,1,74365144,17623515,55598239,74.7638,28.3768,255,53.8
F06,NC_134851.1,1,73464853,15627215,49413734,67.2617,25.3471,255,53.3
F06,all,1,1368757345,330379567,1039042044,75.9113,29.1332,255,53.8042
F1-GR-E2,NC_134838.1,1,133122103,45110539,109579334,82.3149,41.529,255,55.1
F1-GR-E2,NC_134839.1,1,115872679,40892526,97376263,84.0373,43.291,255,55.4
F1-GR-E2,NC_134840.1,1,112047329,38079765,89945655,80.2747,41.4344,255,55.2
F1-GR-E2,NC_134841.1,1,104860103,36767649,87311988,83.2652,43.0649,255,55.4
F1-GR-E2,NC_134842.1,1,102992780,22922049,71713326,69.6295,26.6557,255,52.9
F1-GR-E2,NC_134843.1,1,102858672,29781388,81976154,79.6979,35.1275,255,54.4
F1-GR-E2,NC_134844.1,1,98048912,23566522,71936711,73.3682,28.9616,255,53.7
F1-GR-E2,NC_134845.1,1,97139405,24608671,68727380,70.7513,30.4761,255,54.1
F1-GR-E2,NC_134846.1,1,94721750,29285110,76311123,80.5635,37.767,255,55.1
F1-GR-E2,NC_134847.1,1,91363364,26079022,69465219,76.0318,34.652,255,54.6
F1-GR-E2,NC_134848.1,1,86550376,18699565,57654709,66.614,25.7331,255,52.3
F1-GR-E2,NC_134849.1,1,81349889,18261306,58584471,72.0154,26.9317,255,52.5
F1-GR-E2,NC_134850.1,1,74365144,18690936,56287758,75.691,30.2489,255,53.8
F1-GR-E2,NC_134851.1,1,73464853,15643775,51034835,69.4684,25.3281,255,53.2
F1-GR-E2,all,1,1368757345,388388823,1047904926,76.5589,34.4351,255,54.2296
M01,NC_134838.1,1,133122103,46669439,106772731,80.2066,42.7376,255,54.9
M01,NC_134839.1,1,115872679,43832440,97172442,83.8614,46.3655,255,55.2
M01,NC_134840.1,1,112047329,40389296,90425332,80.7028,43.88,255,55
M01,NC_134841.1,1,104860103,39440182,87664517,83.6014,46.0932,255,55.2
M01,NC_134842.1,1,102992780,26204191,69798978,67.7707,30.302,255,53.1
M01,NC_134843.1,1,102858672,33749474,81447318,79.1837,39.7916,255,54.4
M01,NC_134844.1,1,98048912,28024552,72564108,74.0081,34.4133,255,53.8
M01,NC_134845.1,1,97139405,27842858,70309590,72.3801,34.5273,255,54.2
M01,NC_134846.1,1,94721750,32452154,75957523,80.1902,41.72,255,55
M01,NC_134847.1,1,91363364,27949992,68206659,74.6543,36.8838,255,54.3
M01,NC_134848.1,1,86550376,24750916,61825541,71.433,34.3483,255,52.4
M01,NC_134849.1,1,81349889,23251566,59384074,72.9983,34.3548,255,52.7
M01,NC_134850.1,1,74365144,23002072,56497784,75.9735,37.2703,255,54
M01,NC_134851.1,1,73464853,19721787,51936731,70.696,32.1533,255,53.6
M01,all,1,1368757345,437280919,1049963328,76.7092,38.7042,255,54.2144
M04,NC_134838.1,1,133122103,47152978,108383794,81.4168,43.4486,255,54.9
M04,NC_134839.1,1,115872679,44431411,97976572,84.5554,47.3107,255,55.3
M04,NC_134840.1,1,112047329,40192993,90214819,80.5149,43.8966,255,55.1
M04,NC_134841.1,1,104860103,39252002,87391021,83.3406,46.0953,255,55.3
M04,NC_134842.1,1,102992780,26491284,71923219,69.8333,30.9122,255,53.2
M04,NC_134843.1,1,102858672,33805413,81176024,78.92,40.0369,255,54.5
M04,NC_134844.1,1,98048912,27761312,72240483,73.678,34.2263,255,53.9
M04,NC_134845.1,1,97139405,27568223,69961455,72.0217,34.3126,255,54.2
M04,NC_134846.1,1,94721750,33160253,76846531,81.1287,42.931,255,55.1
M04,NC_134847.1,1,91363364,28843028,69591694,76.1702,38.4161,255,54.5
M04,NC_134848.1,1,86550376,24841795,61302172,70.8283,34.627,255,52.2
M04,NC_134849.1,1,81349889,22017325,58835940,72.3245,32.5977,255,52.8
M04,NC_134850.1,1,74365144,22009279,56005505,75.3115,35.7301,255,54
M04,NC_134851.1,1,73464853,20145152,52336284,71.2399,33.0515,255,53.6
M04,all,1,1368757345,437672448,1054185513,77.0177,38.9545,255,54.2745
M05,NC_134838.1,1,133122103,41997650,108003445,81.1311,38.6379,255,54.9
M05,NC_134839.1,1,115872679,39293553,98224389,84.7692,41.7336,255,55.2
M05,NC_134840.1,1,112047329,34998716,90177433,80.4816,38.0931,255,55
M05,NC_134841.1,1,104860103,34776339,86812832,82.7892,40.6841,255,55.2
M05,NC_134842.1,1,102992780,24086695,71046413,68.9819,28.0618,255,53.3
M05,NC_134843.1,1,102858672,30042225,80646797,78.4054,35.5028,255,54.5
M05,NC_134844.1,1,98048912,24695870,70412223,71.8134,30.3738,255,54
M05,NC_134845.1,1,97139405,23863495,68764928,70.7899,29.5057,255,53.9
M05,NC_134846.1,1,94721750,29292451,75819726,80.0447,37.8429,255,55
M05,NC_134847.1,1,91363364,25413803,69033975,75.5598,33.7204,255,54.4
M05,NC_134848.1,1,86550376,20308232,59709408,68.988,28.0991,255,52.5
M05,NC_134849.1,1,81349889,20125465,58655372,72.1026,29.7773,255,52.7
M05,NC_134850.1,1,74365144,19779650,55413995,74.5161,32.0073,255,53.9
M05,NC_134851.1,1,73464853,17212438,51342788,69.8876,28.0981,255,53.6
M05,all,1,1368757345,385886582,1044063724,76.2782,34.2384,255,54.2376
M06,NC_134838.1,1,133122103,46472425,107358288,80.6465,42.5555,255,54.8
M06,NC_134839.1,1,115872679,43840859,98289507,84.8254,46.4136,255,55.2
M06,NC_134840.1,1,112047329,39438450,91257381,81.4454,42.8765,255,54.8
M06,NC_134841.1,1,104860103,38429809,86561577,82.5496,44.7058,255,55.1
M06,NC_134842.1,1,102992780,28072280,71087639,69.022,32.6568,255,53.3
M06,NC_134843.1,1,102858672,35286525,81462497,79.1985,41.6218,255,54.5
M06,NC_134844.1,1,98048912,28699323,71159797,72.5758,35.1631,255,53.9
M06,NC_134845.1,1,97139405,27780888,69525638,71.5731,34.3369,255,54
M06,NC_134846.1,1,94721750,33166153,76537768,80.8027,42.6661,255,54.9
M06,NC_134847.1,1,91363364,29163006,69735853,76.328,38.5566,255,54.5
M06,NC_134848.1,1,86550376,23527038,59781391,69.0712,32.4568,255,52.7
M06,NC_134849.1,1,81349889,24117385,59955339,73.7006,35.6274,255,53
M06,NC_134850.1,1,74365144,23424723,56419079,75.8676,37.9374,255,54.1
M06,NC_134851.1,1,73464853,20519333,52047052,70.8462,33.3773,255,53.6
M06,all,1,1368757345,441938197,1051178806,76.798,39.0922,255,54.2449
M07,NC_134838.1,1,133122103,45570811,108654884,81.6205,41.8177,255,54.9
M07,NC_134839.1,1,115872679,42400958,97564865,84.2001,44.8535,255,55.2
M07,NC_134840.1,1,112047329,39032111,90582341,80.8429,42.4934,255,55
M07,NC_134841.1,1,104860103,38089725,87344848,83.2965,44.5902,255,55.2
M07,NC_134842.1,1,102992780,26037421,71895478,69.8063,30.2717,255,53.1
M07,NC_134843.1,1,102858672,31965408,80901393,78.653,37.6335,255,54.4
M07,NC_134844.1,1,98048912,26040333,70673900,72.0802,31.879,255,53.6
M07,NC_134845.1,1,97139405,26407600,69510153,71.5571,32.7123,255,53.9
M07,NC_134846.1,1,94721750,32239477,76916669,81.2028,41.6755,255,55
M07,NC_134847.1,1,91363364,27115824,68101629,74.5393,35.813,255,54.3
M07,NC_134848.1,1,86550376,22259002,60701649,70.1345,30.837,255,52.4
M07,NC_134849.1,1,81349889,22186318,59499891,73.1407,32.8431,255,52.6
M07,NC_134850.1,1,74365144,21427190,55538265,74.6832,34.6819,255,54
M07,NC_134851.1,1,73464853,18616966,51294098,69.8213,30.3594,255,53.5
M07,all,1,1368757345,419389144,1049180063,76.652,37.16,255,54.1675
M08,NC_134838.1,1,133122103,41139684,107353333,80.6428,37.7246,255,54.9
M08,NC_134839.1,1,115872679,37451919,96358751,83.1592,39.4985,255,55.2
M08,NC_134840.1,1,112047329,35746288,90552413,80.8162,38.9278,255,55
M08,NC_134841.1,1,104860103,33573329,86787133,82.7647,39.1442,255,55.2
M08,NC_134842.1,1,102992780,22734075,69951576,67.9189,26.3558,255,53
M08,NC_134843.1,1,102858672,28204374,80432210,78.1968,33.1734,255,54.4
M08,NC_134844.1,1,98048912,23506430,71192764,72.6094,28.8094,255,53.9
M08,NC_134845.1,1,97139405,23021652,67991455,69.9937,28.4015,255,54
M08,NC_134846.1,1,94721750,28282100,76532262,80.7969,36.4048,255,55
M08,NC_134847.1,1,91363364,23783066,67376436,73.7456,31.3492,255,54.4
M08,NC_134848.1,1,86550376,19839488,59033716,68.2073,27.4377,255,52.4
M08,NC_134849.1,1,81349889,18278708,56721159,69.7249,26.8179,255,52.8
M08,NC_134850.1,1,74365144,18838689,55078752,74.0653,30.3551,255,53.9
M08,NC_134851.1,1,73464853,16406149,51014683,69.4409,26.6838,255,53.6
M08,all,1,1368757345,370805951,1036376643,75.7166,32.7757,255,54.2071
M09,NC_134838.1,1,133122103,37944592,107969948,81.106,34.9108,255,55
M09,NC_134839.1,1,115872679,35604602,96755797,83.5018,37.7811,255,55.3
M09,NC_134840.1,1,112047329,32692495,89922608,80.2541,35.6796,255,55
M09,NC_134841.1,1,104860103,31989388,87586799,83.5273,37.5597,255,55.3
M09,NC_134842.1,1,102992780,21792244,71745198,69.6604,25.4496,255,53.2
M09,NC_134843.1,1,102858672,26722841,81206874,78.95,31.5755,255,54.4
M09,NC_134844.1,1,98048912,22304322,71945970,73.3776,27.4735,255,53.9
M09,NC_134845.1,1,97139405,21449479,68212902,70.2217,26.5834,255,54
M09,NC_134846.1,1,94721750,26217673,75486558,79.693,33.8272,255,55
M09,NC_134847.1,1,91363364,22632260,68480729,74.9543,30.0602,255,54.5
M09,NC_134848.1,1,86550376,19203403,60117234,69.4592,26.6259,255,52.3
M09,NC_134849.1,1,81349889,17291239,57636989,70.8507,25.5388,255,52.6
M09,NC_134850.1,1,74365144,17985741,55886406,75.1513,29.1949,255,53.9
M09,NC_134851.1,1,73464853,15089786,50806098,69.157,24.6261,255,53.5
M09,all,1,1368757345,348920065,1043760110,76.256,30.9911,255,54.2311
M10,NC_134838.1,1,133122103,40216343,105836964,79.5037,36.915,255,54.9
M10,NC_134839.1,1,115872679,38463599,97721556,84.3353,40.909,255,55.3
M10,NC_134840.1,1,112047329,34494832,90059570,80.3764,37.6173,255,55
M10,NC_134841.1,1,104860103,34498557,87995050,83.9166,40.5308,255,55.3
M10,NC_134842.1,1,102992780,23997015,71052999,68.9883,27.9698,255,53.2
M10,NC_134843.1,1,102858672,29392188,81307214,79.0475,34.7755,255,54.5
M10,NC_134844.1,1,98048912,24669211,72150660,73.5864,30.3474,255,54
M10,NC_134845.1,1,97139405,23775192,69199058,71.2369,29.422,255,54
M10,NC_134846.1,1,94721750,28791214,76072042,80.3111,37.1944,255,55.1
M10,NC_134847.1,1,91363364,25586018,69496273,76.0658,34.0569,255,54.5
M10,NC_134848.1,1,86550376,19811909,59915078,69.2257,27.4224,255,52.5
M10,NC_134849.1,1,81349889,20699485,59679562,73.3616,30.6708,255,52.8
M10,NC_134850.1,1,74365144,19171454,55137155,74.1438,31.0573,255,54.2
M10,NC_134851.1,1,73464853,17250476,51549828,70.1694,28.1161,255,53.8
M10,all,1,1368757345,380817493,1047173009,76.5054,33.8182,255,54.2999
M11,NC_134838.1,1,133122103,41532831,109669717,82.3828,38.2508,255,54.9
M11,NC_134839.1,1,115872679,37756629,98831148,85.2929,39.9468,255,55.1
M11,NC_134840.1,1,112047329,34225523,91629634,81.7776,37.257,255,54.9
M11,NC_134841.1,1,104860103,33725968,88121495,84.0372,39.4211,255,55.1
M11,NC_134842.1,1,102992780,25088168,73562215,71.4246,29.3093,255,53.3
M11,NC_134843.1,1,102858672,30027343,82375989,80.0866,35.4783,255,54.5
M11,NC_134844.1,1,98048912,25761876,73453750,74.9154,31.7311,255,53.8
M11,NC_134845.1,1,97139405,23558067,70313913,72.3845,29.1766,255,54
M11,NC_134846.1,1,94721750,29382976,77473417,81.7905,37.9341,255,55
M11,NC_134847.1,1,91363364,25044878,70608066,77.2827,33.2389,255,54.4
M11,NC_134848.1,1,86550376,21505533,62626870,72.3589,29.8794,255,52.6
M11,NC_134849.1,1,81349889,20233242,60254171,74.0679,29.8534,255,52.8
M11,NC_134850.1,1,74365144,20544207,57286258,77.0337,33.3581,255,54.1
M11,NC_134851.1,1,73464853,17176160,52095863,70.9126,27.9981,255,53.8
M11,all,1,1368757345,385563401,1068302506,78.0491,34.2095,255,54.2399
M12,NC_134838.1,1,133122103,44512281,108827987,81.7505,40.8492,255,54.9
M12,NC_134839.1,1,115872679,41564921,98672757,85.1562,44.0294,255,55.2
M12,NC_134840.1,1,112047329,37960970,91435627,81.6045,41.3764,255,55
M12,NC_134841.1,1,104860103,36687247,87202841,83.1611,42.8411,255,55.2
M12,NC_134842.1,1,102992780,26157843,70988769,68.926,30.3782,255,53.3
M12,NC_134843.1,1,102858672,31514543,81199901,78.9432,37.1616,255,54.5
M12,NC_134844.1,1,98048912,27009030,71897875,73.3286,33.1406,255,54
M12,NC_134845.1,1,97139405,25357294,68636450,70.6577,31.3221,255,54
M12,NC_134846.1,1,94721750,30530108,75463719,79.6688,39.2517,255,55
M12,NC_134847.1,1,91363364,26656404,68525847,75.0036,35.2374,255,54.5
M12,NC_134848.1,1,86550376,23017433,60389824,69.7742,31.9376,255,52.3
M12,NC_134849.1,1,81349889,21507783,57220917,70.3393,31.6851,255,52.5
M12,NC_134850.1,1,74365144,21970889,56819890,76.4066,35.5152,255,54.1
M12,NC_134851.1,1,73464853,18949765,51325657,69.8642,30.9307,255,53.9
M12,all,1,1368757345,413396511,1048608061,76.6102,36.6054,255,54.2538
M2-GR-E1,NC_134838.1,1,133122103,45966159,108837097,81.7573,42.1126,255,54.8
M2-GR-E1,NC_134839.1,1,115872679,42953060,98415442,84.9341,45.3448,255,55.1
M2-GR-E1,NC_134840.1,1,112047329,38279538,90784423,81.0233,41.5516,255,54.8
M2-GR-E1,NC_134841.1,1,104860103,38947648,88100794,84.0175,45.4616,255,55.3
M2-GR-E1,NC_134842.1,1,102992780,28490053,72310758,70.2095,33.0192,255,53.3
M2-GR-E1,NC_134843.1,1,102858672,34328911,81927698,79.6507,40.4716,255,54.6
M2-GR-E1,NC_134844.1,1,98048912,28148590,72752291,74.2,34.5112,255,53.8
M2-GR-E1,NC_134845.1,1,97139405,26618955,68508560,70.526,32.7959,255,53.9
M2-GR-E1,NC_134846.1,1,94721750,32567149,76469760,80.7309,41.9828,255,55
M2-GR-E1,NC_134847.1,1,91363364,28054066,68852538,75.3612,36.9944,255,54.4
M2-GR-E1,NC_134848.1,1,86550376,24080666,61731108,71.3239,33.3454,255,52.6
M2-GR-E1,NC_134849.1,1,81349889,22541649,58856163,72.3494,33.2036,255,52.9
M2-GR-E1,NC_134850.1,1,74365144,22511306,56118828,75.4639,36.3078,255,54
M2-GR-E1,NC_134851.1,1,73464853,18346585,51098976,69.5557,29.7307,255,53.5
M2-GR-E1,all,1,1368757345,431834335,1054764436,77.06,38.1692,255,54.2222
M3-GR-E2,NC_134838.1,1,133122103,39832948,107582943,80.8152,36.5213,255,55
M3-GR-E2,NC_134839.1,1,115872679,38751172,99447478,85.8248,41.0597,255,55.4
M3-GR-E2,NC_134840.1,1,112047329,34081107,89909648,80.2426,36.9769,255,55.1
M3-GR-E2,NC_134841.1,1,104860103,33924867,87700538,83.6358,39.6254,255,55.4
M3-GR-E2,NC_134842.1,1,102992780,23028659,70916643,68.8559,26.7031,255,53.2
M3-GR-E2,NC_134843.1,1,102858672,28181401,80661071,78.4193,33.1606,255,54.6
M3-GR-E2,NC_134844.1,1,98048912,23296083,71007263,72.4202,28.5304,255,54.1
M3-GR-E2,NC_134845.1,1,97139405,22665072,69250168,71.2895,27.9495,255,54
M3-GR-E2,NC_134846.1,1,94721750,27884725,76175551,80.4203,35.8677,255,55.1
M3-GR-E2,NC_134847.1,1,91363364,23692858,68755582,75.2551,31.288,255,54.6
M3-GR-E2,NC_134848.1,1,86550376,19987242,60884034,70.3452,27.6923,255,52.7
M3-GR-E2,NC_134849.1,1,81349889,18330208,57640490,70.855,26.9914,255,52.9
M3-GR-E2,NC_134850.1,1,74365144,18922458,56267275,75.6635,30.5711,255,54.1
M3-GR-E2,NC_134851.1,1,73464853,16482388,50739683,69.0666,26.8434,255,53.8
M3-GR-E2,all,1,1368757345,369061188,1046938367,76.4882,32.6466,255,54.3684
